filepath,label
data/plantvillage_potato/early_blight/early_blight_00776.jpg,early_blight
data/plantvillage_potato/early_blight/early_blight_00507.jpg,early_blight
data/plantvillage_potato/early_blight/early_blight_00895.jpg,early_blight
data/plantvillage_potato/early_blight/early_blight_00922.jpg,early_blight
data/plantvillage_potato/early_blight/early_blight_00033.jpg,early_blight
data/plantvillage_potato/early_blight/early_blight_00483.jpg,early_blight
data/plantvillage_potato/early_blight/early_blight_00085.jpg,early_blight
data/plantvillage_potato/early_blight/early_blight_00750.jpg,early_blight
data/plantvillage_potato/early_blight/early_blight_00354.jpg,early_blight
data/plantvillage_potato/early_blight/early_blight_00523.jpg,early_blight
data/plantvillage_potato/early_blight/early_blight_00184.jpg,early_blight
data/plantvillage_potato/early_blight/early_blight_00809.jpg,early_blight
data/plantvillage_potato/early_blight/early_blight_00418.jpg,early_blight
data/plantvillage_potato/early_blight/early_blight_00615.jpg,early_blight
data/plantvillage_potato/early_blight/early_blight_00682.jpg,early_blight
data/plantvillage_potato/early_blight/early_blight_00501.jpg,early_blight
data/plantvillage_potato/early_blight/early_blight_00760.jpg,early_blight
data/plantvillage_potato/early_blight/early_blight_00049.jpg,early_blight
data/plantvillage_potato/early_blight/early_blight_00732.jpg,early_blight
data/plantvillage_potato/early_blight/early_blight_00336.jpg,early_blight
data/plantvillage_potato/early_blight/early_blight_00450.jpg,early_blight
data/plantvillage_potato/early_blight/early_blight_00790.jpg,early_blight
data/plantvillage_potato/early_blight/early_blight_00350.jpg,early_blight
data/plantvillage_potato/early_blight/early_blight_00467.jpg,early_blight
data/plantvillage_potato/early_blight/early_blight_00622.jpg,early_blight
data/plantvillage_potato/early_blight/early_blight_00476.jpg,early_blight
data/plantvillage_potato/early_blight/early_blight_00614.jpg,early_blight
data/plantvillage_potato/early_blight/early_blight_00554.jpg,early_blight
data/plantvillage_potato/early_blight/early_blight_00365.jpg,early_blight
data/plantvillage_potato/early_blight/early_blight_00770.jpg,early_blight
data/plantvillage_potato/early_blight/early_blight_00630.jpg,early_blight
data/plantvillage_potato/early_blight/early_blight_00940.jpg,early_blight
data/plantvillage_potato/early_blight/early_blight_00797.jpg,early_blight
data/plantvillage_potato/early_blight/early_blight_00496.jpg,early_blight
data/plantvillage_potato/early_blight/early_blight_00924.jpg,early_blight
data/plantvillage_potato/early_blight/early_blight_00369.jpg,early_blight
data/plantvillage_potato/early_blight/early_blight_00596.jpg,early_blight
data/plantvillage_potato/early_blight/early_blight_00720.jpg,early_blight
data/plantvillage_potato/early_blight/early_blight_00053.jpg,early_blight
data/plantvillage_potato/early_blight/early_blight_00426.jpg,early_blight
data/plantvillage_potato/early_blight/early_blight_00056.jpg,early_blight
data/plantvillage_potato/early_blight/early_blight_00264.jpg,early_blight
data/plantvillage_potato/early_blight/early_blight_00772.jpg,early_blight
data/plantvillage_potato/early_blight/early_blight_00185.jpg,early_blight
data/plantvillage_potato/early_blight/early_blight_00466.jpg,early_blight
data/plantvillage_potato/early_blight/early_blight_00789.jpg,early_blight
data/plantvillage_potato/early_blight/early_blight_00174.jpg,early_blight
data/plantvillage_potato/early_blight/early_blight_00150.jpg,early_blight
data/plantvillage_potato/early_blight/early_blight_00741.jpg,early_blight
data/plantvillage_potato/early_blight/early_blight_00113.jpg,early_blight
data/plantvillage_potato/early_blight/early_blight_00428.jpg,early_blight
data/plantvillage_potato/early_blight/early_blight_00965.jpg,early_blight
data/plantvillage_potato/early_blight/early_blight_00018.jpg,early_blight
data/plantvillage_potato/early_blight/early_blight_00189.jpg,early_blight
data/plantvillage_potato/early_blight/early_blight_00414.jpg,early_blight
data/plantvillage_potato/early_blight/early_blight_00589.jpg,early_blight
data/plantvillage_potato/early_blight/early_blight_00666.jpg,early_blight
data/plantvillage_potato/early_blight/early_blight_00763.jpg,early_blight
data/plantvillage_potato/early_blight/early_blight_00221.jpg,early_blight
data/plantvillage_potato/early_blight/early_blight_00586.jpg,early_blight
data/plantvillage_potato/early_blight/early_blight_00581.jpg,early_blight
data/plantvillage_potato/early_blight/early_blight_00299.jpg,early_blight
data/plantvillage_potato/early_blight/early_blight_00638.jpg,early_blight
data/plantvillage_potato/early_blight/early_blight_00386.jpg,early_blight
data/plantvillage_potato/early_blight/early_blight_00364.jpg,early_blight
data/plantvillage_potato/early_blight/early_blight_00879.jpg,early_blight
data/plantvillage_potato/early_blight/early_blight_00334.jpg,early_blight
data/plantvillage_potato/early_blight/early_blight_00016.jpg,early_blight
data/plantvillage_potato/early_blight/early_blight_00202.jpg,early_blight
data/plantvillage_potato/early_blight/early_blight_00001.jpg,early_blight
data/plantvillage_potato/early_blight/early_blight_00038.jpg,early_blight
data/plantvillage_potato/early_blight/early_blight_00290.jpg,early_blight
data/plantvillage_potato/early_blight/early_blight_00493.jpg,early_blight
data/plantvillage_potato/early_blight/early_blight_00247.jpg,early_blight
data/plantvillage_potato/early_blight/early_blight_00506.jpg,early_blight
data/plantvillage_potato/early_blight/early_blight_00896.jpg,early_blight
data/plantvillage_potato/early_blight/early_blight_00713.jpg,early_blight
data/plantvillage_potato/early_blight/early_blight_00891.jpg,early_blight
data/plantvillage_potato/early_blight/early_blight_00076.jpg,early_blight
data/plantvillage_potato/early_blight/early_blight_00911.jpg,early_blight
data/plantvillage_potato/early_blight/early_blight_00792.jpg,early_blight
data/plantvillage_potato/early_blight/early_blight_00508.jpg,early_blight
data/plantvillage_potato/early_blight/early_blight_00177.jpg,early_blight
data/plantvillage_potato/early_blight/early_blight_00842.jpg,early_blight
data/plantvillage_potato/early_blight/early_blight_00200.jpg,early_blight
data/plantvillage_potato/early_blight/early_blight_00765.jpg,early_blight
data/plantvillage_potato/early_blight/early_blight_00909.jpg,early_blight
data/plantvillage_potato/early_blight/early_blight_00293.jpg,early_blight
data/plantvillage_potato/early_blight/early_blight_00538.jpg,early_blight
data/plantvillage_potato/early_blight/early_blight_00024.jpg,early_blight
data/plantvillage_potato/early_blight/early_blight_00694.jpg,early_blight
data/plantvillage_potato/early_blight/early_blight_00210.jpg,early_blight
data/plantvillage_potato/early_blight/early_blight_00424.jpg,early_blight
data/plantvillage_potato/early_blight/early_blight_00528.jpg,early_blight
data/plantvillage_potato/early_blight/early_blight_00034.jpg,early_blight
data/plantvillage_potato/early_blight/early_blight_00928.jpg,early_blight
data/plantvillage_potato/early_blight/early_blight_00398.jpg,early_blight
data/plantvillage_potato/early_blight/early_blight_00607.jpg,early_blight
data/plantvillage_potato/early_blight/early_blight_00298.jpg,early_blight
data/plantvillage_potato/early_blight/early_blight_00848.jpg,early_blight
data/plantvillage_potato/early_blight/early_blight_00668.jpg,early_blight
data/plantvillage_potato/early_blight/early_blight_00282.jpg,early_blight
data/plantvillage_potato/early_blight/early_blight_00939.jpg,early_blight
data/plantvillage_potato/early_blight/early_blight_00944.jpg,early_blight
data/plantvillage_potato/early_blight/early_blight_00606.jpg,early_blight
data/plantvillage_potato/early_blight/early_blight_00959.jpg,early_blight
data/plantvillage_potato/early_blight/early_blight_00934.jpg,early_blight
data/plantvillage_potato/early_blight/early_blight_00731.jpg,early_blight
data/plantvillage_potato/early_blight/early_blight_00287.jpg,early_blight
data/plantvillage_potato/early_blight/early_blight_00527.jpg,early_blight
data/plantvillage_potato/early_blight/early_blight_00807.jpg,early_blight
data/plantvillage_potato/early_blight/early_blight_00229.jpg,early_blight
data/plantvillage_potato/early_blight/early_blight_00436.jpg,early_blight
data/plantvillage_potato/early_blight/early_blight_00028.jpg,early_blight
data/plantvillage_potato/early_blight/early_blight_00374.jpg,early_blight
data/plantvillage_potato/early_blight/early_blight_00819.jpg,early_blight
data/plantvillage_potato/early_blight/early_blight_00316.jpg,early_blight
data/plantvillage_potato/early_blight/early_blight_00560.jpg,early_blight
data/plantvillage_potato/early_blight/early_blight_00241.jpg,early_blight
data/plantvillage_potato/early_blight/early_blight_00149.jpg,early_blight
data/plantvillage_potato/early_blight/early_blight_00516.jpg,early_blight
data/plantvillage_potato/early_blight/early_blight_00417.jpg,early_blight
data/plantvillage_potato/early_blight/early_blight_00660.jpg,early_blight
data/plantvillage_potato/early_blight/early_blight_00198.jpg,early_blight
data/plantvillage_potato/early_blight/early_blight_00585.jpg,early_blight
data/plantvillage_potato/early_blight/early_blight_00325.jpg,early_blight
data/plantvillage_potato/early_blight/early_blight_00823.jpg,early_blight
data/plantvillage_potato/early_blight/early_blight_00702.jpg,early_blight
data/plantvillage_potato/early_blight/early_blight_00949.jpg,early_blight
data/plantvillage_potato/early_blight/early_blight_00515.jpg,early_blight
data/plantvillage_potato/early_blight/early_blight_00864.jpg,early_blight
data/plantvillage_potato/early_blight/early_blight_00836.jpg,early_blight
data/plantvillage_potato/early_blight/early_blight_00877.jpg,early_blight
data/plantvillage_potato/early_blight/early_blight_00359.jpg,early_blight
data/plantvillage_potato/early_blight/early_blight_00594.jpg,early_blight
data/plantvillage_potato/early_blight/early_blight_00788.jpg,early_blight
data/plantvillage_potato/early_blight/early_blight_00188.jpg,early_blight
data/plantvillage_potato/early_blight/early_blight_00066.jpg,early_blight
data/plantvillage_potato/early_blight/early_blight_00355.jpg,early_blight
data/plantvillage_potato/early_blight/early_blight_00799.jpg,early_blight
data/plantvillage_potato/early_blight/early_blight_00902.jpg,early_blight
data/plantvillage_potato/early_blight/early_blight_00920.jpg,early_blight
data/plantvillage_potato/early_blight/early_blight_00942.jpg,early_blight
data/plantvillage_potato/early_blight/early_blight_00330.jpg,early_blight
data/plantvillage_potato/early_blight/early_blight_00727.jpg,early_blight
data/plantvillage_potato/early_blight/early_blight_00396.jpg,early_blight
data/plantvillage_potato/early_blight/early_blight_00463.jpg,early_blight
data/plantvillage_potato/early_blight/early_blight_00393.jpg,early_blight
data/plantvillage_potato/early_blight/early_blight_00311.jpg,early_blight
data/plantvillage_potato/early_blight/early_blight_00680.jpg,early_blight
data/plantvillage_potato/early_blight/early_blight_00744.jpg,early_blight
data/plantvillage_potato/early_blight/early_blight_00921.jpg,early_blight
data/plantvillage_potato/early_blight/early_blight_00461.jpg,early_blight
data/plantvillage_potato/early_blight/early_blight_00522.jpg,early_blight
data/plantvillage_potato/early_blight/early_blight_00631.jpg,early_blight
data/plantvillage_potato/early_blight/early_blight_00490.jpg,early_blight
data/plantvillage_potato/early_blight/early_blight_00195.jpg,early_blight
data/plantvillage_potato/early_blight/early_blight_00256.jpg,early_blight
data/plantvillage_potato/early_blight/early_blight_00693.jpg,early_blight
data/plantvillage_potato/early_blight/early_blight_00740.jpg,early_blight
data/plantvillage_potato/early_blight/early_blight_00577.jpg,early_blight
data/plantvillage_potato/early_blight/early_blight_00157.jpg,early_blight
data/plantvillage_potato/early_blight/early_blight_00612.jpg,early_blight
data/plantvillage_potato/early_blight/early_blight_00392.jpg,early_blight
data/plantvillage_potato/early_blight/early_blight_00969.jpg,early_blight
data/plantvillage_potato/early_blight/early_blight_00688.jpg,early_blight
data/plantvillage_potato/early_blight/early_blight_00361.jpg,early_blight
data/plantvillage_potato/early_blight/early_blight_00816.jpg,early_blight
data/plantvillage_potato/early_blight/early_blight_00401.jpg,early_blight
data/plantvillage_potato/early_blight/early_blight_00092.jpg,early_blight
data/plantvillage_potato/early_blight/early_blight_00917.jpg,early_blight
data/plantvillage_potato/early_blight/early_blight_00489.jpg,early_blight
data/plantvillage_potato/early_blight/early_blight_00451.jpg,early_blight
data/plantvillage_potato/early_blight/early_blight_00251.jpg,early_blight
data/plantvillage_potato/early_blight/early_blight_00653.jpg,early_blight
data/plantvillage_potato/early_blight/early_blight_00769.jpg,early_blight
data/plantvillage_potato/early_blight/early_blight_00670.jpg,early_blight
data/plantvillage_potato/early_blight/early_blight_00129.jpg,early_blight
data/plantvillage_potato/early_blight/early_blight_00637.jpg,early_blight
data/plantvillage_potato/early_blight/early_blight_00991.jpg,early_blight
data/plantvillage_potato/early_blight/early_blight_00342.jpg,early_blight
data/plantvillage_potato/early_blight/early_blight_00308.jpg,early_blight
data/plantvillage_potato/early_blight/early_blight_00136.jpg,early_blight
data/plantvillage_potato/early_blight/early_blight_00088.jpg,early_blight
data/plantvillage_potato/early_blight/early_blight_00327.jpg,early_blight
data/plantvillage_potato/early_blight/early_blight_00475.jpg,early_blight
data/plantvillage_potato/early_blight/early_blight_00981.jpg,early_blight
data/plantvillage_potato/early_blight/early_blight_00850.jpg,early_blight
data/plantvillage_potato/early_blight/early_blight_00892.jpg,early_blight
data/plantvillage_potato/early_blight/early_blight_00375.jpg,early_blight
data/plantvillage_potato/early_blight/early_blight_00178.jpg,early_blight
data/plantvillage_potato/early_blight/early_blight_00026.jpg,early_blight
data/plantvillage_potato/early_blight/early_blight_00349.jpg,early_blight
data/plantvillage_potato/early_blight/early_blight_00499.jpg,early_blight
data/plantvillage_potato/early_blight/early_blight_00474.jpg,early_blight
data/plantvillage_potato/early_blight/early_blight_00617.jpg,early_blight
data/plantvillage_potato/early_blight/early_blight_00697.jpg,early_blight
data/plantvillage_potato/early_blight/early_blight_00050.jpg,early_blight
data/plantvillage_potato/early_blight/early_blight_00211.jpg,early_blight
data/plantvillage_potato/early_blight/early_blight_00381.jpg,early_blight
data/plantvillage_potato/early_blight/early_blight_00883.jpg,early_blight
data/plantvillage_potato/early_blight/early_blight_00173.jpg,early_blight
data/plantvillage_potato/early_blight/early_blight_00147.jpg,early_blight
data/plantvillage_potato/early_blight/early_blight_00419.jpg,early_blight
data/plantvillage_potato/early_blight/early_blight_00961.jpg,early_blight
data/plantvillage_potato/early_blight/early_blight_00148.jpg,early_blight
data/plantvillage_potato/early_blight/early_blight_00975.jpg,early_blight
data/plantvillage_potato/early_blight/early_blight_00079.jpg,early_blight
data/plantvillage_potato/early_blight/early_blight_00775.jpg,early_blight
data/plantvillage_potato/early_blight/early_blight_00302.jpg,early_blight
data/plantvillage_potato/early_blight/early_blight_00995.jpg,early_blight
data/plantvillage_potato/early_blight/early_blight_00525.jpg,early_blight
data/plantvillage_potato/early_blight/early_blight_00774.jpg,early_blight
data/plantvillage_potato/early_blight/early_blight_00231.jpg,early_blight
data/plantvillage_potato/early_blight/early_blight_00625.jpg,early_blight
data/plantvillage_potato/early_blight/early_blight_00800.jpg,early_blight
data/plantvillage_potato/early_blight/early_blight_00561.jpg,early_blight
data/plantvillage_potato/early_blight/early_blight_00509.jpg,early_blight
data/plantvillage_potato/early_blight/early_blight_00840.jpg,early_blight
data/plantvillage_potato/early_blight/early_blight_00494.jpg,early_blight
data/plantvillage_potato/early_blight/early_blight_00119.jpg,early_blight
data/plantvillage_potato/early_blight/early_blight_00477.jpg,early_blight
data/plantvillage_potato/early_blight/early_blight_00144.jpg,early_blight
data/plantvillage_potato/early_blight/early_blight_00029.jpg,early_blight
data/plantvillage_potato/early_blight/early_blight_00910.jpg,early_blight
data/plantvillage_potato/early_blight/early_blight_00121.jpg,early_blight
data/plantvillage_potato/early_blight/early_blight_00605.jpg,early_blight
data/plantvillage_potato/early_blight/early_blight_00061.jpg,early_blight
data/plantvillage_potato/early_blight/early_blight_00871.jpg,early_blight
data/plantvillage_potato/early_blight/early_blight_00572.jpg,early_blight
data/plantvillage_potato/early_blight/early_blight_00005.jpg,early_blight
data/plantvillage_potato/early_blight/early_blight_00926.jpg,early_blight
data/plantvillage_potato/early_blight/early_blight_00639.jpg,early_blight
data/plantvillage_potato/early_blight/early_blight_00439.jpg,early_blight
data/plantvillage_potato/early_blight/early_blight_00729.jpg,early_blight
data/plantvillage_potato/early_blight/early_blight_00193.jpg,early_blight
data/plantvillage_potato/early_blight/early_blight_00752.jpg,early_blight
data/plantvillage_potato/early_blight/early_blight_00626.jpg,early_blight
data/plantvillage_potato/early_blight/early_blight_00571.jpg,early_blight
data/plantvillage_potato/early_blight/early_blight_00017.jpg,early_blight
data/plantvillage_potato/early_blight/early_blight_00742.jpg,early_blight
data/plantvillage_potato/early_blight/early_blight_00914.jpg,early_blight
data/plantvillage_potato/early_blight/early_blight_00510.jpg,early_blight
data/plantvillage_potato/early_blight/early_blight_00573.jpg,early_blight
data/plantvillage_potato/early_blight/early_blight_00138.jpg,early_blight
data/plantvillage_potato/early_blight/early_blight_00191.jpg,early_blight
data/plantvillage_potato/early_blight/early_blight_00004.jpg,early_blight
data/plantvillage_potato/early_blight/early_blight_00443.jpg,early_blight
data/plantvillage_potato/early_blight/early_blight_00020.jpg,early_blight
data/plantvillage_potato/early_blight/early_blight_00213.jpg,early_blight
data/plantvillage_potato/early_blight/early_blight_00064.jpg,early_blight
data/plantvillage_potato/early_blight/early_blight_00411.jpg,early_blight
data/plantvillage_potato/early_blight/early_blight_00301.jpg,early_blight
data/plantvillage_potato/early_blight/early_blight_00333.jpg,early_blight
data/plantvillage_potato/early_blight/early_blight_00192.jpg,early_blight
data/plantvillage_potato/early_blight/early_blight_00664.jpg,early_blight
data/plantvillage_potato/early_blight/early_blight_00262.jpg,early_blight
data/plantvillage_potato/early_blight/early_blight_00647.jpg,early_blight
data/plantvillage_potato/early_blight/early_blight_00810.jpg,early_blight
data/plantvillage_potato/early_blight/early_blight_00232.jpg,early_blight
data/plantvillage_potato/early_blight/early_blight_00795.jpg,early_blight
data/plantvillage_potato/early_blight/early_blight_00681.jpg,early_blight
data/plantvillage_potato/early_blight/early_blight_00804.jpg,early_blight
data/plantvillage_potato/early_blight/early_blight_00482.jpg,early_blight
data/plantvillage_potato/early_blight/early_blight_00360.jpg,early_blight
data/plantvillage_potato/early_blight/early_blight_00838.jpg,early_blight
data/plantvillage_potato/early_blight/early_blight_00236.jpg,early_blight
data/plantvillage_potato/early_blight/early_blight_00627.jpg,early_blight
data/plantvillage_potato/early_blight/early_blight_00957.jpg,early_blight
data/plantvillage_potato/early_blight/early_blight_00582.jpg,early_blight
data/plantvillage_potato/early_blight/early_blight_00272.jpg,early_blight
data/plantvillage_potato/early_blight/early_blight_00201.jpg,early_blight
data/plantvillage_potato/early_blight/early_blight_00013.jpg,early_blight
data/plantvillage_potato/early_blight/early_blight_00427.jpg,early_blight
data/plantvillage_potato/early_blight/early_blight_00239.jpg,early_blight
data/plantvillage_potato/early_blight/early_blight_00084.jpg,early_blight
data/plantvillage_potato/early_blight/early_blight_00532.jpg,early_blight
data/plantvillage_potato/early_blight/early_blight_00172.jpg,early_blight
data/plantvillage_potato/early_blight/early_blight_00289.jpg,early_blight
data/plantvillage_potato/early_blight/early_blight_00485.jpg,early_blight
data/plantvillage_potato/early_blight/early_blight_00329.jpg,early_blight
data/plantvillage_potato/early_blight/early_blight_00683.jpg,early_blight
data/plantvillage_potato/early_blight/early_blight_00318.jpg,early_blight
data/plantvillage_potato/early_blight/early_blight_00454.jpg,early_blight
data/plantvillage_potato/early_blight/early_blight_00249.jpg,early_blight
data/plantvillage_potato/early_blight/early_blight_00846.jpg,early_blight
data/plantvillage_potato/early_blight/early_blight_00279.jpg,early_blight
data/plantvillage_potato/early_blight/early_blight_00455.jpg,early_blight
data/plantvillage_potato/early_blight/early_blight_00901.jpg,early_blight
data/plantvillage_potato/early_blight/early_blight_00761.jpg,early_blight
data/plantvillage_potato/early_blight/early_blight_00547.jpg,early_blight
data/plantvillage_potato/early_blight/early_blight_00180.jpg,early_blight
data/plantvillage_potato/early_blight/early_blight_00557.jpg,early_blight
data/plantvillage_potato/early_blight/early_blight_00628.jpg,early_blight
data/plantvillage_potato/early_blight/early_blight_00423.jpg,early_blight
data/plantvillage_potato/early_blight/early_blight_00843.jpg,early_blight
data/plantvillage_potato/early_blight/early_blight_00010.jpg,early_blight
data/plantvillage_potato/early_blight/early_blight_00199.jpg,early_blight
data/plantvillage_potato/early_blight/early_blight_00425.jpg,early_blight
data/plantvillage_potato/early_blight/early_blight_00534.jpg,early_blight
data/plantvillage_potato/early_blight/early_blight_00031.jpg,early_blight
data/plantvillage_potato/early_blight/early_blight_00579.jpg,early_blight
data/plantvillage_potato/early_blight/early_blight_00404.jpg,early_blight
data/plantvillage_potato/early_blight/early_blight_00277.jpg,early_blight
data/plantvillage_potato/early_blight/early_blight_00444.jpg,early_blight
data/plantvillage_potato/early_blight/early_blight_00771.jpg,early_blight
data/plantvillage_potato/early_blight/early_blight_00372.jpg,early_blight
data/plantvillage_potato/early_blight/early_blight_00722.jpg,early_blight
data/plantvillage_potato/early_blight/early_blight_00400.jpg,early_blight
data/plantvillage_potato/early_blight/early_blight_00078.jpg,early_blight
data/plantvillage_potato/early_blight/early_blight_00537.jpg,early_blight
data/plantvillage_potato/early_blight/early_blight_00575.jpg,early_blight
data/plantvillage_potato/early_blight/early_blight_00548.jpg,early_blight
data/plantvillage_potato/early_blight/early_blight_00710.jpg,early_blight
data/plantvillage_potato/early_blight/early_blight_00041.jpg,early_blight
data/plantvillage_potato/early_blight/early_blight_00885.jpg,early_blight
data/plantvillage_potato/early_blight/early_blight_00632.jpg,early_blight
data/plantvillage_potato/early_blight/early_blight_00858.jpg,early_blight
data/plantvillage_potato/early_blight/early_blight_00139.jpg,early_blight
data/plantvillage_potato/early_blight/early_blight_00385.jpg,early_blight
data/plantvillage_potato/early_blight/early_blight_00456.jpg,early_blight
data/plantvillage_potato/early_blight/early_blight_00932.jpg,early_blight
data/plantvillage_potato/early_blight/early_blight_00813.jpg,early_blight
data/plantvillage_potato/early_blight/early_blight_00140.jpg,early_blight
data/plantvillage_potato/early_blight/early_blight_00624.jpg,early_blight
data/plantvillage_potato/early_blight/early_blight_00320.jpg,early_blight
data/plantvillage_potato/early_blight/early_blight_00708.jpg,early_blight
data/plantvillage_potato/early_blight/early_blight_00457.jpg,early_blight
data/plantvillage_potato/early_blight/early_blight_00873.jpg,early_blight
data/plantvillage_potato/early_blight/early_blight_00326.jpg,early_blight
data/plantvillage_potato/early_blight/early_blight_00126.jpg,early_blight
data/plantvillage_potato/early_blight/early_blight_00132.jpg,early_blight
data/plantvillage_potato/early_blight/early_blight_00817.jpg,early_blight
data/plantvillage_potato/early_blight/early_blight_00397.jpg,early_blight
data/plantvillage_potato/early_blight/early_blight_00915.jpg,early_blight
data/plantvillage_potato/early_blight/early_blight_00993.jpg,early_blight
data/plantvillage_potato/early_blight/early_blight_00415.jpg,early_blight
data/plantvillage_potato/early_blight/early_blight_00595.jpg,early_blight
data/plantvillage_potato/early_blight/early_blight_00258.jpg,early_blight
data/plantvillage_potato/early_blight/early_blight_00313.jpg,early_blight
data/plantvillage_potato/early_blight/early_blight_00409.jpg,early_blight
data/plantvillage_potato/early_blight/early_blight_00162.jpg,early_blight
data/plantvillage_potato/early_blight/early_blight_00304.jpg,early_blight
data/plantvillage_potato/early_blight/early_blight_00286.jpg,early_blight
data/plantvillage_potato/early_blight/early_blight_00644.jpg,early_blight
data/plantvillage_potato/early_blight/early_blight_00635.jpg,early_blight
data/plantvillage_potato/early_blight/early_blight_00353.jpg,early_blight
data/plantvillage_potato/early_blight/early_blight_00068.jpg,early_blight
data/plantvillage_potato/early_blight/early_blight_00678.jpg,early_blight
data/plantvillage_potato/early_blight/early_blight_00833.jpg,early_blight
data/plantvillage_potato/early_blight/early_blight_00935.jpg,early_blight
data/plantvillage_potato/early_blight/early_blight_00679.jpg,early_blight
data/plantvillage_potato/early_blight/early_blight_00719.jpg,early_blight
data/plantvillage_potato/early_blight/early_blight_00237.jpg,early_blight
data/plantvillage_potato/early_blight/early_blight_00265.jpg,early_blight
data/plantvillage_potato/early_blight/early_blight_00090.jpg,early_blight
data/plantvillage_potato/early_blight/early_blight_00835.jpg,early_blight
data/plantvillage_potato/early_blight/early_blight_00862.jpg,early_blight
data/plantvillage_potato/early_blight/early_blight_00054.jpg,early_blight
data/plantvillage_potato/early_blight/early_blight_00657.jpg,early_blight
data/plantvillage_potato/early_blight/early_blight_00943.jpg,early_blight
data/plantvillage_potato/early_blight/early_blight_00406.jpg,early_blight
data/plantvillage_potato/early_blight/early_blight_00380.jpg,early_blight
data/plantvillage_potato/early_blight/early_blight_00124.jpg,early_blight
data/plantvillage_potato/early_blight/early_blight_00491.jpg,early_blight
data/plantvillage_potato/early_blight/early_blight_00802.jpg,early_blight
data/plantvillage_potato/early_blight/early_blight_00900.jpg,early_blight
data/plantvillage_potato/early_blight/early_blight_00430.jpg,early_blight
data/plantvillage_potato/early_blight/early_blight_00945.jpg,early_blight
data/plantvillage_potato/early_blight/early_blight_00703.jpg,early_blight
data/plantvillage_potato/early_blight/early_blight_00294.jpg,early_blight
data/plantvillage_potato/early_blight/early_blight_00878.jpg,early_blight
data/plantvillage_potato/early_blight/early_blight_00212.jpg,early_blight
data/plantvillage_potato/early_blight/early_blight_00918.jpg,early_blight
data/plantvillage_potato/early_blight/early_blight_00037.jpg,early_blight
data/plantvillage_potato/early_blight/early_blight_00860.jpg,early_blight
data/plantvillage_potato/early_blight/early_blight_00898.jpg,early_blight
data/plantvillage_potato/early_blight/early_blight_00125.jpg,early_blight
data/plantvillage_potato/early_blight/early_blight_00023.jpg,early_blight
data/plantvillage_potato/early_blight/early_blight_00839.jpg,early_blight
data/plantvillage_potato/early_blight/early_blight_00976.jpg,early_blight
data/plantvillage_potato/early_blight/early_blight_00101.jpg,early_blight
data/plantvillage_potato/early_blight/early_blight_00115.jpg,early_blight
data/plantvillage_potato/early_blight/early_blight_00435.jpg,early_blight
data/plantvillage_potato/early_blight/early_blight_00950.jpg,early_blight
data/plantvillage_potato/early_blight/early_blight_00120.jpg,early_blight
data/plantvillage_potato/early_blight/early_blight_00384.jpg,early_blight
data/plantvillage_potato/early_blight/early_blight_00047.jpg,early_blight
data/plantvillage_potato/early_blight/early_blight_00171.jpg,early_blight
data/plantvillage_potato/early_blight/early_blight_00317.jpg,early_blight
data/plantvillage_potato/early_blight/early_blight_00324.jpg,early_blight
data/plantvillage_potato/early_blight/early_blight_00880.jpg,early_blight
data/plantvillage_potato/early_blight/early_blight_00263.jpg,early_blight
data/plantvillage_potato/early_blight/early_blight_00145.jpg,early_blight
data/plantvillage_potato/early_blight/early_blight_00043.jpg,early_blight
data/plantvillage_potato/early_blight/early_blight_00504.jpg,early_blight
data/plantvillage_potato/early_blight/early_blight_00086.jpg,early_blight
data/plantvillage_potato/early_blight/early_blight_00376.jpg,early_blight
data/plantvillage_potato/early_blight/early_blight_00530.jpg,early_blight
data/plantvillage_potato/early_blight/early_blight_00984.jpg,early_blight
data/plantvillage_potato/early_blight/early_blight_00851.jpg,early_blight
data/plantvillage_potato/early_blight/early_blight_00345.jpg,early_blight
data/plantvillage_potato/early_blight/early_blight_00403.jpg,early_blight
data/plantvillage_potato/early_blight/early_blight_00226.jpg,early_blight
data/plantvillage_potato/early_blight/early_blight_00987.jpg,early_blight
data/plantvillage_potato/early_blight/early_blight_00164.jpg,early_blight
data/plantvillage_potato/early_blight/early_blight_00335.jpg,early_blight
data/plantvillage_potato/early_blight/early_blight_00600.jpg,early_blight
data/plantvillage_potato/early_blight/early_blight_00916.jpg,early_blight
data/plantvillage_potato/early_blight/early_blight_00472.jpg,early_blight
data/plantvillage_potato/early_blight/early_blight_00447.jpg,early_blight
data/plantvillage_potato/early_blight/early_blight_00107.jpg,early_blight
data/plantvillage_potato/early_blight/early_blight_00856.jpg,early_blight
data/plantvillage_potato/early_blight/early_blight_00155.jpg,early_blight
data/plantvillage_potato/early_blight/early_blight_00458.jpg,early_blight
data/plantvillage_potato/early_blight/early_blight_00280.jpg,early_blight
data/plantvillage_potato/early_blight/early_blight_00207.jpg,early_blight
data/plantvillage_potato/early_blight/early_blight_00154.jpg,early_blight
data/plantvillage_potato/early_blight/early_blight_00587.jpg,early_blight
data/plantvillage_potato/early_blight/early_blight_00757.jpg,early_blight
data/plantvillage_potato/early_blight/early_blight_00985.jpg,early_blight
data/plantvillage_potato/early_blight/early_blight_00383.jpg,early_blight
data/plantvillage_potato/early_blight/early_blight_00801.jpg,early_blight
data/plantvillage_potato/early_blight/early_blight_00648.jpg,early_blight
data/plantvillage_potato/early_blight/early_blight_00806.jpg,early_blight
data/plantvillage_potato/early_blight/early_blight_00536.jpg,early_blight
data/plantvillage_potato/early_blight/early_blight_00503.jpg,early_blight
data/plantvillage_potato/early_blight/early_blight_00737.jpg,early_blight
data/plantvillage_potato/early_blight/early_blight_00559.jpg,early_blight
data/plantvillage_potato/early_blight/early_blight_00544.jpg,early_blight
data/plantvillage_potato/early_blight/early_blight_00356.jpg,early_blight
data/plantvillage_potato/early_blight/early_blight_00206.jpg,early_blight
data/plantvillage_potato/early_blight/early_blight_00888.jpg,early_blight
data/plantvillage_potato/early_blight/early_blight_00611.jpg,early_blight
data/plantvillage_potato/early_blight/early_blight_00711.jpg,early_blight
data/plantvillage_potato/early_blight/early_blight_00531.jpg,early_blight
data/plantvillage_potato/early_blight/early_blight_00259.jpg,early_blight
data/plantvillage_potato/early_blight/early_blight_00153.jpg,early_blight
data/plantvillage_potato/early_blight/early_blight_00852.jpg,early_blight
data/plantvillage_potato/early_blight/early_blight_00063.jpg,early_blight
data/plantvillage_potato/early_blight/early_blight_00434.jpg,early_blight
data/plantvillage_potato/early_blight/early_blight_00339.jpg,early_blight
data/plantvillage_potato/early_blight/early_blight_00513.jpg,early_blight
data/plantvillage_potato/early_blight/early_blight_00748.jpg,early_blight
data/plantvillage_potato/early_blight/early_blight_00487.jpg,early_blight
data/plantvillage_potato/early_blight/early_blight_00524.jpg,early_blight
data/plantvillage_potato/early_blight/early_blight_00893.jpg,early_blight
data/plantvillage_potato/early_blight/early_blight_00952.jpg,early_blight
data/plantvillage_potato/early_blight/early_blight_00186.jpg,early_blight
data/plantvillage_potato/early_blight/early_blight_00673.jpg,early_blight
data/plantvillage_potato/early_blight/early_blight_00343.jpg,early_blight
data/plantvillage_potato/early_blight/early_blight_00377.jpg,early_blight
data/plantvillage_potato/early_blight/early_blight_00903.jpg,early_blight
data/plantvillage_potato/early_blight/early_blight_00368.jpg,early_blight
data/plantvillage_potato/early_blight/early_blight_00568.jpg,early_blight
data/plantvillage_potato/early_blight/early_blight_00275.jpg,early_blight
data/plantvillage_potato/early_blight/early_blight_00690.jpg,early_blight
data/plantvillage_potato/early_blight/early_blight_00266.jpg,early_blight
data/plantvillage_potato/early_blight/early_blight_00782.jpg,early_blight
data/plantvillage_potato/early_blight/early_blight_00937.jpg,early_blight
data/plantvillage_potato/early_blight/early_blight_00533.jpg,early_blight
data/plantvillage_potato/early_blight/early_blight_00022.jpg,early_blight
data/plantvillage_potato/early_blight/early_blight_00542.jpg,early_blight
data/plantvillage_potato/early_blight/early_blight_00097.jpg,early_blight
data/plantvillage_potato/early_blight/early_blight_00295.jpg,early_blight
data/plantvillage_potato/early_blight/early_blight_00460.jpg,early_blight
data/plantvillage_potato/early_blight/early_blight_00197.jpg,early_blight
data/plantvillage_potato/early_blight/early_blight_00707.jpg,early_blight
data/plantvillage_potato/early_blight/early_blight_00261.jpg,early_blight
data/plantvillage_potato/early_blight/early_blight_00310.jpg,early_blight
data/plantvillage_potato/early_blight/early_blight_00979.jpg,early_blight
data/plantvillage_potato/early_blight/early_blight_00160.jpg,early_blight
data/plantvillage_potato/early_blight/early_blight_00402.jpg,early_blight
data/plantvillage_potato/early_blight/early_blight_00539.jpg,early_blight
data/plantvillage_potato/early_blight/early_blight_00176.jpg,early_blight
data/plantvillage_potato/early_blight/early_blight_00726.jpg,early_blight
data/plantvillage_potato/early_blight/early_blight_00793.jpg,early_blight
data/plantvillage_potato/early_blight/early_blight_00818.jpg,early_blight
data/plantvillage_potato/early_blight/early_blight_00778.jpg,early_blight
data/plantvillage_potato/early_blight/early_blight_00756.jpg,early_blight
data/plantvillage_potato/early_blight/early_blight_00297.jpg,early_blight
data/plantvillage_potato/early_blight/early_blight_00091.jpg,early_blight
data/plantvillage_potato/early_blight/early_blight_00929.jpg,early_blight
data/plantvillage_potato/early_blight/early_blight_00449.jpg,early_blight
data/plantvillage_potato/early_blight/early_blight_00645.jpg,early_blight
data/plantvillage_potato/early_blight/early_blight_00014.jpg,early_blight
data/plantvillage_potato/early_blight/early_blight_00480.jpg,early_blight
data/plantvillage_potato/early_blight/early_blight_00996.jpg,early_blight
data/plantvillage_potato/early_blight/early_blight_00868.jpg,early_blight
data/plantvillage_potato/early_blight/early_blight_00431.jpg,early_blight
data/plantvillage_potato/early_blight/early_blight_00695.jpg,early_blight
data/plantvillage_potato/early_blight/early_blight_00502.jpg,early_blight
data/plantvillage_potato/early_blight/early_blight_00260.jpg,early_blight
data/plantvillage_potato/early_blight/early_blight_00328.jpg,early_blight
data/plantvillage_potato/early_blight/early_blight_00179.jpg,early_blight
data/plantvillage_potato/early_blight/early_blight_00564.jpg,early_blight
data/plantvillage_potato/early_blight/early_blight_00395.jpg,early_blight
data/plantvillage_potato/early_blight/early_blight_00495.jpg,early_blight
data/plantvillage_potato/early_blight/early_blight_00035.jpg,early_blight
data/plantvillage_potato/early_blight/early_blight_00442.jpg,early_blight
data/plantvillage_potato/early_blight/early_blight_00927.jpg,early_blight
data/plantvillage_potato/early_blight/early_blight_00659.jpg,early_blight
data/plantvillage_potato/early_blight/early_blight_00636.jpg,early_blight
data/plantvillage_potato/early_blight/early_blight_00098.jpg,early_blight
data/plantvillage_potato/early_blight/early_blight_00337.jpg,early_blight
data/plantvillage_potato/early_blight/early_blight_00012.jpg,early_blight
data/plantvillage_potato/early_blight/early_blight_00684.jpg,early_blight
data/plantvillage_potato/early_blight/early_blight_00116.jpg,early_blight
data/plantvillage_potato/early_blight/early_blight_00446.jpg,early_blight
data/plantvillage_potato/early_blight/early_blight_00407.jpg,early_blight
data/plantvillage_potato/early_blight/early_blight_00815.jpg,early_blight
data/plantvillage_potato/early_blight/early_blight_00312.jpg,early_blight
data/plantvillage_potato/early_blight/early_blight_00358.jpg,early_blight
data/plantvillage_potato/early_blight/early_blight_00471.jpg,early_blight
data/plantvillage_potato/early_blight/early_blight_00204.jpg,early_blight
data/plantvillage_potato/early_blight/early_blight_00227.jpg,early_blight
data/plantvillage_potato/early_blight/early_blight_00481.jpg,early_blight
data/plantvillage_potato/early_blight/early_blight_00039.jpg,early_blight
data/plantvillage_potato/early_blight/early_blight_00391.jpg,early_blight
data/plantvillage_potato/early_blight/early_blight_00110.jpg,early_blight
data/plantvillage_potato/early_blight/early_blight_00832.jpg,early_blight
data/plantvillage_potato/early_blight/early_blight_00812.jpg,early_blight
data/plantvillage_potato/early_blight/early_blight_00962.jpg,early_blight
data/plantvillage_potato/early_blight/early_blight_00421.jpg,early_blight
data/plantvillage_potato/early_blight/early_blight_00340.jpg,early_blight
data/plantvillage_potato/early_blight/early_blight_00183.jpg,early_blight
data/plantvillage_potato/early_blight/early_blight_00997.jpg,early_blight
data/plantvillage_potato/early_blight/early_blight_00422.jpg,early_blight
data/plantvillage_potato/early_blight/early_blight_00181.jpg,early_blight
data/plantvillage_potato/early_blight/early_blight_00904.jpg,early_blight
data/plantvillage_potato/early_blight/early_blight_00861.jpg,early_blight
data/plantvillage_potato/early_blight/early_blight_00649.jpg,early_blight
data/plantvillage_potato/early_blight/early_blight_00745.jpg,early_blight
data/plantvillage_potato/early_blight/early_blight_00700.jpg,early_blight
data/plantvillage_potato/early_blight/early_blight_00105.jpg,early_blight
data/plantvillage_potato/early_blight/early_blight_00919.jpg,early_blight
data/plantvillage_potato/early_blight/early_blight_00651.jpg,early_blight
data/plantvillage_potato/early_blight/early_blight_00366.jpg,early_blight
data/plantvillage_potato/early_blight/early_blight_00619.jpg,early_blight
data/plantvillage_potato/early_blight/early_blight_00905.jpg,early_blight
data/plantvillage_potato/early_blight/early_blight_00315.jpg,early_blight
data/plantvillage_potato/early_blight/early_blight_00042.jpg,early_blight
data/plantvillage_potato/early_blight/early_blight_00130.jpg,early_blight
data/plantvillage_potato/early_blight/early_blight_00440.jpg,early_blight
data/plantvillage_potato/early_blight/early_blight_00151.jpg,early_blight
data/plantvillage_potato/early_blight/early_blight_00588.jpg,early_blight
data/plantvillage_potato/early_blight/early_blight_00036.jpg,early_blight
data/plantvillage_potato/early_blight/early_blight_00152.jpg,early_blight
data/plantvillage_potato/early_blight/early_blight_00676.jpg,early_blight
data/plantvillage_potato/early_blight/early_blight_00960.jpg,early_blight
data/plantvillage_potato/early_blight/early_blight_00601.jpg,early_blight
data/plantvillage_potato/early_blight/early_blight_00437.jpg,early_blight
data/plantvillage_potato/early_blight/early_blight_00452.jpg,early_blight
data/plantvillage_potato/early_blight/early_blight_00785.jpg,early_blight
data/plantvillage_potato/early_blight/early_blight_00268.jpg,early_blight
data/plantvillage_potato/early_blight/early_blight_00133.jpg,early_blight
data/plantvillage_potato/early_blight/early_blight_00341.jpg,early_blight
data/plantvillage_potato/early_blight/early_blight_00803.jpg,early_blight
data/plantvillage_potato/early_blight/early_blight_00045.jpg,early_blight
data/plantvillage_potato/early_blight/early_blight_00283.jpg,early_blight
data/plantvillage_potato/early_blight/early_blight_00652.jpg,early_blight
data/plantvillage_potato/early_blight/early_blight_00948.jpg,early_blight
data/plantvillage_potato/early_blight/early_blight_00052.jpg,early_blight
data/plantvillage_potato/early_blight/early_blight_00821.jpg,early_blight
data/plantvillage_potato/early_blight/early_blight_00779.jpg,early_blight
data/plantvillage_potato/early_blight/early_blight_00977.jpg,early_blight
data/plantvillage_potato/early_blight/early_blight_00599.jpg,early_blight
data/plantvillage_potato/early_blight/early_blight_00208.jpg,early_blight
data/plantvillage_potato/early_blight/early_blight_00351.jpg,early_blight
data/plantvillage_potato/early_blight/early_blight_00215.jpg,early_blight
data/plantvillage_potato/early_blight/early_blight_00288.jpg,early_blight
data/plantvillage_potato/early_blight/early_blight_00278.jpg,early_blight
data/plantvillage_potato/early_blight/early_blight_00953.jpg,early_blight
data/plantvillage_potato/early_blight/early_blight_00820.jpg,early_blight
data/plantvillage_potato/early_blight/early_blight_00109.jpg,early_blight
data/plantvillage_potato/early_blight/early_blight_00118.jpg,early_blight
data/plantvillage_potato/early_blight/early_blight_00941.jpg,early_blight
data/plantvillage_potato/early_blight/early_blight_00137.jpg,early_blight
data/plantvillage_potato/early_blight/early_blight_00106.jpg,early_blight
data/plantvillage_potato/early_blight/early_blight_00306.jpg,early_blight
data/plantvillage_potato/early_blight/early_blight_00972.jpg,early_blight
data/plantvillage_potato/early_blight/early_blight_00008.jpg,early_blight
data/plantvillage_potato/early_blight/early_blight_00822.jpg,early_blight
data/plantvillage_potato/early_blight/early_blight_00309.jpg,early_blight
data/plantvillage_potato/early_blight/early_blight_00556.jpg,early_blight
data/plantvillage_potato/early_blight/early_blight_00743.jpg,early_blight
data/plantvillage_potato/early_blight/early_blight_00634.jpg,early_blight
data/plantvillage_potato/early_blight/early_blight_00291.jpg,early_blight
data/plantvillage_potato/early_blight/early_blight_00378.jpg,early_blight
data/plantvillage_potato/early_blight/early_blight_00889.jpg,early_blight
data/plantvillage_potato/early_blight/early_blight_00629.jpg,early_blight
data/plantvillage_potato/early_blight/early_blight_00357.jpg,early_blight
data/plantvillage_potato/early_blight/early_blight_00712.jpg,early_blight
data/plantvillage_potato/early_blight/early_blight_00620.jpg,early_blight
data/plantvillage_potato/early_blight/early_blight_00518.jpg,early_blight
data/plantvillage_potato/early_blight/early_blight_00662.jpg,early_blight
data/plantvillage_potato/early_blight/early_blight_00550.jpg,early_blight
data/plantvillage_potato/early_blight/early_blight_00075.jpg,early_blight
data/plantvillage_potato/early_blight/early_blight_00102.jpg,early_blight
data/plantvillage_potato/early_blight/early_blight_00576.jpg,early_blight
data/plantvillage_potato/early_blight/early_blight_00857.jpg,early_blight
data/plantvillage_potato/early_blight/early_blight_00009.jpg,early_blight
data/plantvillage_potato/early_blight/early_blight_00074.jpg,early_blight
data/plantvillage_potato/early_blight/early_blight_00951.jpg,early_blight
data/plantvillage_potato/early_blight/early_blight_00468.jpg,early_blight
data/plantvillage_potato/early_blight/early_blight_00307.jpg,early_blight
data/plantvillage_potato/early_blight/early_blight_00134.jpg,early_blight
data/plantvillage_potato/early_blight/early_blight_00859.jpg,early_blight
data/plantvillage_potato/early_blight/early_blight_00884.jpg,early_blight
data/plantvillage_potato/early_blight/early_blight_00244.jpg,early_blight
data/plantvillage_potato/early_blight/early_blight_00641.jpg,early_blight
data/plantvillage_potato/early_blight/early_blight_00209.jpg,early_blight
data/plantvillage_potato/early_blight/early_blight_00267.jpg,early_blight
data/plantvillage_potato/early_blight/early_blight_00870.jpg,early_blight
data/plantvillage_potato/early_blight/early_blight_00535.jpg,early_blight
data/plantvillage_potato/early_blight/early_blight_00578.jpg,early_blight
data/plantvillage_potato/early_blight/early_blight_00845.jpg,early_blight
data/plantvillage_potato/early_blight/early_blight_00968.jpg,early_blight
data/plantvillage_potato/early_blight/early_blight_00083.jpg,early_blight
data/plantvillage_potato/early_blight/early_blight_00040.jpg,early_blight
data/plantvillage_potato/early_blight/early_blight_00608.jpg,early_blight
data/plantvillage_potato/early_blight/early_blight_00592.jpg,early_blight
data/plantvillage_potato/early_blight/early_blight_00853.jpg,early_blight
data/plantvillage_potato/early_blight/early_blight_00583.jpg,early_blight
data/plantvillage_potato/early_blight/early_blight_00122.jpg,early_blight
data/plantvillage_potato/early_blight/early_blight_00413.jpg,early_blight
data/plantvillage_potato/early_blight/early_blight_00240.jpg,early_blight
data/plantvillage_potato/early_blight/early_blight_00723.jpg,early_blight
data/plantvillage_potato/early_blight/early_blight_00609.jpg,early_blight
data/plantvillage_potato/early_blight/early_blight_00766.jpg,early_blight
data/plantvillage_potato/early_blight/early_blight_00190.jpg,early_blight
data/plantvillage_potato/early_blight/early_blight_00082.jpg,early_blight
data/plantvillage_potato/early_blight/early_blight_00520.jpg,early_blight
data/plantvillage_potato/early_blight/early_blight_00876.jpg,early_blight
data/plantvillage_potato/early_blight/early_blight_00805.jpg,early_blight
data/plantvillage_potato/early_blight/early_blight_00783.jpg,early_blight
data/plantvillage_potato/early_blight/early_blight_00514.jpg,early_blight
data/plantvillage_potato/early_blight/early_blight_00488.jpg,early_blight
data/plantvillage_potato/early_blight/early_blight_00847.jpg,early_blight
data/plantvillage_potato/early_blight/early_blight_00672.jpg,early_blight
data/plantvillage_potato/early_blight/early_blight_00058.jpg,early_blight
data/plantvillage_potato/early_blight/early_blight_00321.jpg,early_blight
data/plantvillage_potato/early_blight/early_blight_00691.jpg,early_blight
data/plantvillage_potato/early_blight/early_blight_00555.jpg,early_blight
data/plantvillage_potato/early_blight/early_blight_00593.jpg,early_blight
data/plantvillage_potato/early_blight/early_blight_00837.jpg,early_blight
data/plantvillage_potato/early_blight/early_blight_00222.jpg,early_blight
data/plantvillage_potato/early_blight/early_blight_00303.jpg,early_blight
data/plantvillage_potato/early_blight/early_blight_00716.jpg,early_blight
data/plantvillage_potato/early_blight/early_blight_00158.jpg,early_blight
data/plantvillage_potato/early_blight/early_blight_00498.jpg,early_blight
data/plantvillage_potato/early_blight/early_blight_00569.jpg,early_blight
data/plantvillage_potato/early_blight/early_blight_00897.jpg,early_blight
data/plantvillage_potato/early_blight/early_blight_00292.jpg,early_blight
data/plantvillage_potato/early_blight/early_blight_00465.jpg,early_blight
data/plantvillage_potato/early_blight/early_blight_00988.jpg,early_blight
data/plantvillage_potato/early_blight/early_blight_00399.jpg,early_blight
data/plantvillage_potato/early_blight/early_blight_00002.jpg,early_blight
data/plantvillage_potato/early_blight/early_blight_00886.jpg,early_blight
data/plantvillage_potato/early_blight/early_blight_00168.jpg,early_blight
data/plantvillage_potato/early_blight/early_blight_00725.jpg,early_blight
data/plantvillage_potato/early_blight/early_blight_00869.jpg,early_blight
data/plantvillage_potato/early_blight/early_blight_00218.jpg,early_blight
data/plantvillage_potato/early_blight/early_blight_00492.jpg,early_blight
data/plantvillage_potato/early_blight/early_blight_00715.jpg,early_blight
data/plantvillage_potato/early_blight/early_blight_00751.jpg,early_blight
data/plantvillage_potato/early_blight/early_blight_00170.jpg,early_blight
data/plantvillage_potato/early_blight/early_blight_00242.jpg,early_blight
data/plantvillage_potato/early_blight/early_blight_00980.jpg,early_blight
data/plantvillage_potato/early_blight/early_blight_00015.jpg,early_blight
data/plantvillage_potato/early_blight/early_blight_00553.jpg,early_blight
data/plantvillage_potato/early_blight/early_blight_00667.jpg,early_blight
data/plantvillage_potato/early_blight/early_blight_00051.jpg,early_blight
data/plantvillage_potato/early_blight/early_blight_00989.jpg,early_blight
data/plantvillage_potato/early_blight/early_blight_00563.jpg,early_blight
data/plantvillage_potato/early_blight/early_blight_00453.jpg,early_blight
data/plantvillage_potato/early_blight/early_blight_00077.jpg,early_blight
data/plantvillage_potato/early_blight/early_blight_00255.jpg,early_blight
data/plantvillage_potato/early_blight/early_blight_00912.jpg,early_blight
data/plantvillage_potato/early_blight/early_blight_00717.jpg,early_blight
data/plantvillage_potato/early_blight/early_blight_00187.jpg,early_blight
data/plantvillage_potato/early_blight/early_blight_00829.jpg,early_blight
data/plantvillage_potato/early_blight/early_blight_00143.jpg,early_blight
data/plantvillage_potato/early_blight/early_blight_00966.jpg,early_blight
data/plantvillage_potato/early_blight/early_blight_00814.jpg,early_blight
data/plantvillage_potato/early_blight/early_blight_00705.jpg,early_blight
data/plantvillage_potato/early_blight/early_blight_00923.jpg,early_blight
data/plantvillage_potato/early_blight/early_blight_00254.jpg,early_blight
data/plantvillage_potato/early_blight/early_blight_00111.jpg,early_blight
data/plantvillage_potato/early_blight/early_blight_00347.jpg,early_blight
data/plantvillage_potato/early_blight/early_blight_00412.jpg,early_blight
data/plantvillage_potato/early_blight/early_blight_00062.jpg,early_blight
data/plantvillage_potato/early_blight/early_blight_00100.jpg,early_blight
data/plantvillage_potato/early_blight/early_blight_00661.jpg,early_blight
data/plantvillage_potato/early_blight/early_blight_00669.jpg,early_blight
data/plantvillage_potato/early_blight/early_blight_00689.jpg,early_blight
data/plantvillage_potato/early_blight/early_blight_00055.jpg,early_blight
data/plantvillage_potato/early_blight/early_blight_00478.jpg,early_blight
data/plantvillage_potato/early_blight/early_blight_00420.jpg,early_blight
data/plantvillage_potato/early_blight/early_blight_00755.jpg,early_blight
data/plantvillage_potato/healthy/healthy_00066.jpg,healthy
data/plantvillage_potato/healthy/healthy_00135.jpg,healthy
data/plantvillage_potato/healthy/healthy_00100.jpg,healthy
data/plantvillage_potato/healthy/healthy_00118.jpg,healthy
data/plantvillage_potato/healthy/healthy_00074.jpg,healthy
data/plantvillage_potato/healthy/healthy_00038.jpg,healthy
data/plantvillage_potato/healthy/healthy_00018.jpg,healthy
data/plantvillage_potato/healthy/healthy_00030.jpg,healthy
data/plantvillage_potato/healthy/healthy_00078.jpg,healthy
data/plantvillage_potato/healthy/healthy_00061.jpg,healthy
data/plantvillage_potato/healthy/healthy_00102.jpg,healthy
data/plantvillage_potato/healthy/healthy_00089.jpg,healthy
data/plantvillage_potato/healthy/healthy_00000.jpg,healthy
data/plantvillage_potato/healthy/healthy_00143.jpg,healthy
data/plantvillage_potato/healthy/healthy_00113.jpg,healthy
data/plantvillage_potato/healthy/healthy_00042.jpg,healthy
data/plantvillage_potato/healthy/healthy_00049.jpg,healthy
data/plantvillage_potato/healthy/healthy_00120.jpg,healthy
data/plantvillage_potato/healthy/healthy_00147.jpg,healthy
data/plantvillage_potato/healthy/healthy_00087.jpg,healthy
data/plantvillage_potato/healthy/healthy_00002.jpg,healthy
data/plantvillage_potato/healthy/healthy_00124.jpg,healthy
data/plantvillage_potato/healthy/healthy_00053.jpg,healthy
data/plantvillage_potato/healthy/healthy_00075.jpg,healthy
data/plantvillage_potato/healthy/healthy_00111.jpg,healthy
data/plantvillage_potato/healthy/healthy_00054.jpg,healthy
data/plantvillage_potato/healthy/healthy_00060.jpg,healthy
data/plantvillage_potato/healthy/healthy_00003.jpg,healthy
data/plantvillage_potato/healthy/healthy_00039.jpg,healthy
data/plantvillage_potato/healthy/healthy_00136.jpg,healthy
data/plantvillage_potato/healthy/healthy_00096.jpg,healthy
data/plantvillage_potato/healthy/healthy_00131.jpg,healthy
data/plantvillage_potato/healthy/healthy_00051.jpg,healthy
data/plantvillage_potato/healthy/healthy_00032.jpg,healthy
data/plantvillage_potato/healthy/healthy_00138.jpg,healthy
data/plantvillage_potato/healthy/healthy_00014.jpg,healthy
data/plantvillage_potato/healthy/healthy_00144.jpg,healthy
data/plantvillage_potato/healthy/healthy_00134.jpg,healthy
data/plantvillage_potato/healthy/healthy_00063.jpg,healthy
data/plantvillage_potato/healthy/healthy_00123.jpg,healthy
data/plantvillage_potato/healthy/healthy_00095.jpg,healthy
data/plantvillage_potato/healthy/healthy_00082.jpg,healthy
data/plantvillage_potato/healthy/healthy_00069.jpg,healthy
data/plantvillage_potato/healthy/healthy_00085.jpg,healthy
data/plantvillage_potato/healthy/healthy_00105.jpg,healthy
data/plantvillage_potato/healthy/healthy_00094.jpg,healthy
data/plantvillage_potato/healthy/healthy_00016.jpg,healthy
data/plantvillage_potato/healthy/healthy_00076.jpg,healthy
data/plantvillage_potato/healthy/healthy_00065.jpg,healthy
data/plantvillage_potato/healthy/healthy_00052.jpg,healthy
data/plantvillage_potato/healthy/healthy_00148.jpg,healthy
data/plantvillage_potato/healthy/healthy_00121.jpg,healthy
data/plantvillage_potato/healthy/healthy_00067.jpg,healthy
data/plantvillage_potato/healthy/healthy_00130.jpg,healthy
data/plantvillage_potato/healthy/healthy_00072.jpg,healthy
data/plantvillage_potato/healthy/healthy_00099.jpg,healthy
data/plantvillage_potato/healthy/healthy_00132.jpg,healthy
data/plantvillage_potato/healthy/healthy_00036.jpg,healthy
data/plantvillage_potato/healthy/healthy_00092.jpg,healthy
data/plantvillage_potato/healthy/healthy_00119.jpg,healthy
data/plantvillage_potato/healthy/healthy_00064.jpg,healthy
data/plantvillage_potato/healthy/healthy_00017.jpg,healthy
data/plantvillage_potato/healthy/healthy_00025.jpg,healthy
data/plantvillage_potato/healthy/healthy_00128.jpg,healthy
data/plantvillage_potato/healthy/healthy_00004.jpg,healthy
data/plantvillage_potato/healthy/healthy_00088.jpg,healthy
data/plantvillage_potato/healthy/healthy_00140.jpg,healthy
data/plantvillage_potato/healthy/healthy_00041.jpg,healthy
data/plantvillage_potato/healthy/healthy_00151.jpg,healthy
data/plantvillage_potato/healthy/healthy_00112.jpg,healthy
data/plantvillage_potato/healthy/healthy_00086.jpg,healthy
data/plantvillage_potato/healthy/healthy_00137.jpg,healthy
data/plantvillage_potato/healthy/healthy_00083.jpg,healthy
data/plantvillage_potato/healthy/healthy_00031.jpg,healthy
data/plantvillage_potato/healthy/healthy_00106.jpg,healthy
data/plantvillage_potato/healthy/healthy_00021.jpg,healthy
data/plantvillage_potato/healthy/healthy_00009.jpg,healthy
data/plantvillage_potato/healthy/healthy_00034.jpg,healthy
data/plantvillage_potato/healthy/healthy_00145.jpg,healthy
data/plantvillage_potato/healthy/healthy_00115.jpg,healthy
data/plantvillage_potato/healthy/healthy_00047.jpg,healthy
data/plantvillage_potato/healthy/healthy_00020.jpg,healthy
data/plantvillage_potato/healthy/healthy_00098.jpg,healthy
data/plantvillage_potato/healthy/healthy_00081.jpg,healthy
data/plantvillage_potato/healthy/healthy_00133.jpg,healthy
data/plantvillage_potato/healthy/healthy_00125.jpg,healthy
data/plantvillage_potato/healthy/healthy_00104.jpg,healthy
data/plantvillage_potato/healthy/healthy_00116.jpg,healthy
data/plantvillage_potato/healthy/healthy_00091.jpg,healthy
data/plantvillage_potato/healthy/healthy_00110.jpg,healthy
data/plantvillage_potato/healthy/healthy_00101.jpg,healthy
data/plantvillage_potato/healthy/healthy_00029.jpg,healthy
data/plantvillage_potato/healthy/healthy_00084.jpg,healthy
data/plantvillage_potato/healthy/healthy_00109.jpg,healthy
data/plantvillage_potato/healthy/healthy_00141.jpg,healthy
data/plantvillage_potato/healthy/healthy_00090.jpg,healthy
data/plantvillage_potato/healthy/healthy_00024.jpg,healthy
data/plantvillage_potato/healthy/healthy_00073.jpg,healthy
data/plantvillage_potato/healthy/healthy_00046.jpg,healthy
data/plantvillage_potato/healthy/healthy_00079.jpg,healthy
data/plantvillage_potato/healthy/healthy_00080.jpg,healthy
data/plantvillage_potato/healthy/healthy_00037.jpg,healthy
data/plantvillage_potato/healthy/healthy_00149.jpg,healthy
data/plantvillage_potato/healthy/healthy_00010.jpg,healthy
data/plantvillage_potato/healthy/healthy_00117.jpg,healthy
data/plantvillage_potato/healthy/healthy_00015.jpg,healthy
data/plantvillage_potato/late_blight/late_blight_00776.jpg,late_blight
data/plantvillage_potato/late_blight/late_blight_00507.jpg,late_blight
data/plantvillage_potato/late_blight/late_blight_00895.jpg,late_blight
data/plantvillage_potato/late_blight/late_blight_00922.jpg,late_blight
data/plantvillage_potato/late_blight/late_blight_00033.jpg,late_blight
data/plantvillage_potato/late_blight/late_blight_00483.jpg,late_blight
data/plantvillage_potato/late_blight/late_blight_00085.jpg,late_blight
data/plantvillage_potato/late_blight/late_blight_00750.jpg,late_blight
data/plantvillage_potato/late_blight/late_blight_00354.jpg,late_blight
data/plantvillage_potato/late_blight/late_blight_00523.jpg,late_blight
data/plantvillage_potato/late_blight/late_blight_00184.jpg,late_blight
data/plantvillage_potato/late_blight/late_blight_00809.jpg,late_blight
data/plantvillage_potato/late_blight/late_blight_00418.jpg,late_blight
data/plantvillage_potato/late_blight/late_blight_00615.jpg,late_blight
data/plantvillage_potato/late_blight/late_blight_00682.jpg,late_blight
data/plantvillage_potato/late_blight/late_blight_00501.jpg,late_blight
data/plantvillage_potato/late_blight/late_blight_00760.jpg,late_blight
data/plantvillage_potato/late_blight/late_blight_00049.jpg,late_blight
data/plantvillage_potato/late_blight/late_blight_00732.jpg,late_blight
data/plantvillage_potato/late_blight/late_blight_00336.jpg,late_blight
data/plantvillage_potato/late_blight/late_blight_00450.jpg,late_blight
data/plantvillage_potato/late_blight/late_blight_00790.jpg,late_blight
data/plantvillage_potato/late_blight/late_blight_00350.jpg,late_blight
data/plantvillage_potato/late_blight/late_blight_00467.jpg,late_blight
data/plantvillage_potato/late_blight/late_blight_00622.jpg,late_blight
data/plantvillage_potato/late_blight/late_blight_00476.jpg,late_blight
data/plantvillage_potato/late_blight/late_blight_00614.jpg,late_blight
data/plantvillage_potato/late_blight/late_blight_00554.jpg,late_blight
data/plantvillage_potato/late_blight/late_blight_00365.jpg,late_blight
data/plantvillage_potato/late_blight/late_blight_00770.jpg,late_blight
data/plantvillage_potato/late_blight/late_blight_00630.jpg,late_blight
data/plantvillage_potato/late_blight/late_blight_00940.jpg,late_blight
data/plantvillage_potato/late_blight/late_blight_00797.jpg,late_blight
data/plantvillage_potato/late_blight/late_blight_00496.jpg,late_blight
data/plantvillage_potato/late_blight/late_blight_00924.jpg,late_blight
data/plantvillage_potato/late_blight/late_blight_00369.jpg,late_blight
data/plantvillage_potato/late_blight/late_blight_00596.jpg,late_blight
data/plantvillage_potato/late_blight/late_blight_00720.jpg,late_blight
data/plantvillage_potato/late_blight/late_blight_00053.jpg,late_blight
data/plantvillage_potato/late_blight/late_blight_00426.jpg,late_blight
data/plantvillage_potato/late_blight/late_blight_00056.jpg,late_blight
data/plantvillage_potato/late_blight/late_blight_00264.jpg,late_blight
data/plantvillage_potato/late_blight/late_blight_00772.jpg,late_blight
data/plantvillage_potato/late_blight/late_blight_00185.jpg,late_blight
data/plantvillage_potato/late_blight/late_blight_00466.jpg,late_blight
data/plantvillage_potato/late_blight/late_blight_00789.jpg,late_blight
data/plantvillage_potato/late_blight/late_blight_00174.jpg,late_blight
data/plantvillage_potato/late_blight/late_blight_00150.jpg,late_blight
data/plantvillage_potato/late_blight/late_blight_00741.jpg,late_blight
data/plantvillage_potato/late_blight/late_blight_00113.jpg,late_blight
data/plantvillage_potato/late_blight/late_blight_00428.jpg,late_blight
data/plantvillage_potato/late_blight/late_blight_00965.jpg,late_blight
data/plantvillage_potato/late_blight/late_blight_00018.jpg,late_blight
data/plantvillage_potato/late_blight/late_blight_00189.jpg,late_blight
data/plantvillage_potato/late_blight/late_blight_00414.jpg,late_blight
data/plantvillage_potato/late_blight/late_blight_00589.jpg,late_blight
data/plantvillage_potato/late_blight/late_blight_00666.jpg,late_blight
data/plantvillage_potato/late_blight/late_blight_00763.jpg,late_blight
data/plantvillage_potato/late_blight/late_blight_00221.jpg,late_blight
data/plantvillage_potato/late_blight/late_blight_00586.jpg,late_blight
data/plantvillage_potato/late_blight/late_blight_00581.jpg,late_blight
data/plantvillage_potato/late_blight/late_blight_00299.jpg,late_blight
data/plantvillage_potato/late_blight/late_blight_00638.jpg,late_blight
data/plantvillage_potato/late_blight/late_blight_00386.jpg,late_blight
data/plantvillage_potato/late_blight/late_blight_00364.jpg,late_blight
data/plantvillage_potato/late_blight/late_blight_00879.jpg,late_blight
data/plantvillage_potato/late_blight/late_blight_00334.jpg,late_blight
data/plantvillage_potato/late_blight/late_blight_00016.jpg,late_blight
data/plantvillage_potato/late_blight/late_blight_00202.jpg,late_blight
data/plantvillage_potato/late_blight/late_blight_00001.jpg,late_blight
data/plantvillage_potato/late_blight/late_blight_00038.jpg,late_blight
data/plantvillage_potato/late_blight/late_blight_00290.jpg,late_blight
data/plantvillage_potato/late_blight/late_blight_00493.jpg,late_blight
data/plantvillage_potato/late_blight/late_blight_00247.jpg,late_blight
data/plantvillage_potato/late_blight/late_blight_00506.jpg,late_blight
data/plantvillage_potato/late_blight/late_blight_00896.jpg,late_blight
data/plantvillage_potato/late_blight/late_blight_00713.jpg,late_blight
data/plantvillage_potato/late_blight/late_blight_00891.jpg,late_blight
data/plantvillage_potato/late_blight/late_blight_00076.jpg,late_blight
data/plantvillage_potato/late_blight/late_blight_00911.jpg,late_blight
data/plantvillage_potato/late_blight/late_blight_00792.jpg,late_blight
data/plantvillage_potato/late_blight/late_blight_00508.jpg,late_blight
data/plantvillage_potato/late_blight/late_blight_00177.jpg,late_blight
data/plantvillage_potato/late_blight/late_blight_00842.jpg,late_blight
data/plantvillage_potato/late_blight/late_blight_00200.jpg,late_blight
data/plantvillage_potato/late_blight/late_blight_00765.jpg,late_blight
data/plantvillage_potato/late_blight/late_blight_00909.jpg,late_blight
data/plantvillage_potato/late_blight/late_blight_00293.jpg,late_blight
data/plantvillage_potato/late_blight/late_blight_00538.jpg,late_blight
data/plantvillage_potato/late_blight/late_blight_00024.jpg,late_blight
data/plantvillage_potato/late_blight/late_blight_00694.jpg,late_blight
data/plantvillage_potato/late_blight/late_blight_00210.jpg,late_blight
data/plantvillage_potato/late_blight/late_blight_00424.jpg,late_blight
data/plantvillage_potato/late_blight/late_blight_00528.jpg,late_blight
data/plantvillage_potato/late_blight/late_blight_00034.jpg,late_blight
data/plantvillage_potato/late_blight/late_blight_00928.jpg,late_blight
data/plantvillage_potato/late_blight/late_blight_00398.jpg,late_blight
data/plantvillage_potato/late_blight/late_blight_00607.jpg,late_blight
data/plantvillage_potato/late_blight/late_blight_00298.jpg,late_blight
data/plantvillage_potato/late_blight/late_blight_00848.jpg,late_blight
data/plantvillage_potato/late_blight/late_blight_00668.jpg,late_blight
data/plantvillage_potato/late_blight/late_blight_00282.jpg,late_blight
data/plantvillage_potato/late_blight/late_blight_00939.jpg,late_blight
data/plantvillage_potato/late_blight/late_blight_00944.jpg,late_blight
data/plantvillage_potato/late_blight/late_blight_00606.jpg,late_blight
data/plantvillage_potato/late_blight/late_blight_00959.jpg,late_blight
data/plantvillage_potato/late_blight/late_blight_00934.jpg,late_blight
data/plantvillage_potato/late_blight/late_blight_00731.jpg,late_blight
data/plantvillage_potato/late_blight/late_blight_00287.jpg,late_blight
data/plantvillage_potato/late_blight/late_blight_00527.jpg,late_blight
data/plantvillage_potato/late_blight/late_blight_00807.jpg,late_blight
data/plantvillage_potato/late_blight/late_blight_00229.jpg,late_blight
data/plantvillage_potato/late_blight/late_blight_00436.jpg,late_blight
data/plantvillage_potato/late_blight/late_blight_00028.jpg,late_blight
data/plantvillage_potato/late_blight/late_blight_00374.jpg,late_blight
data/plantvillage_potato/late_blight/late_blight_00819.jpg,late_blight
data/plantvillage_potato/late_blight/late_blight_00316.jpg,late_blight
data/plantvillage_potato/late_blight/late_blight_00560.jpg,late_blight
data/plantvillage_potato/late_blight/late_blight_00241.jpg,late_blight
data/plantvillage_potato/late_blight/late_blight_00149.jpg,late_blight
data/plantvillage_potato/late_blight/late_blight_00516.jpg,late_blight
data/plantvillage_potato/late_blight/late_blight_00417.jpg,late_blight
data/plantvillage_potato/late_blight/late_blight_00660.jpg,late_blight
data/plantvillage_potato/late_blight/late_blight_00198.jpg,late_blight
data/plantvillage_potato/late_blight/late_blight_00585.jpg,late_blight
data/plantvillage_potato/late_blight/late_blight_00325.jpg,late_blight
data/plantvillage_potato/late_blight/late_blight_00823.jpg,late_blight
data/plantvillage_potato/late_blight/late_blight_00702.jpg,late_blight
data/plantvillage_potato/late_blight/late_blight_00949.jpg,late_blight
data/plantvillage_potato/late_blight/late_blight_00515.jpg,late_blight
data/plantvillage_potato/late_blight/late_blight_00864.jpg,late_blight
data/plantvillage_potato/late_blight/late_blight_00836.jpg,late_blight
data/plantvillage_potato/late_blight/late_blight_00877.jpg,late_blight
data/plantvillage_potato/late_blight/late_blight_00359.jpg,late_blight
data/plantvillage_potato/late_blight/late_blight_00594.jpg,late_blight
data/plantvillage_potato/late_blight/late_blight_00788.jpg,late_blight
data/plantvillage_potato/late_blight/late_blight_00188.jpg,late_blight
data/plantvillage_potato/late_blight/late_blight_00066.jpg,late_blight
data/plantvillage_potato/late_blight/late_blight_00355.jpg,late_blight
data/plantvillage_potato/late_blight/late_blight_00799.jpg,late_blight
data/plantvillage_potato/late_blight/late_blight_00902.jpg,late_blight
data/plantvillage_potato/late_blight/late_blight_00920.jpg,late_blight
data/plantvillage_potato/late_blight/late_blight_00942.jpg,late_blight
data/plantvillage_potato/late_blight/late_blight_00330.jpg,late_blight
data/plantvillage_potato/late_blight/late_blight_00727.jpg,late_blight
data/plantvillage_potato/late_blight/late_blight_00396.jpg,late_blight
data/plantvillage_potato/late_blight/late_blight_00463.jpg,late_blight
data/plantvillage_potato/late_blight/late_blight_00393.jpg,late_blight
data/plantvillage_potato/late_blight/late_blight_00311.jpg,late_blight
data/plantvillage_potato/late_blight/late_blight_00680.jpg,late_blight
data/plantvillage_potato/late_blight/late_blight_00744.jpg,late_blight
data/plantvillage_potato/late_blight/late_blight_00921.jpg,late_blight
data/plantvillage_potato/late_blight/late_blight_00461.jpg,late_blight
data/plantvillage_potato/late_blight/late_blight_00522.jpg,late_blight
data/plantvillage_potato/late_blight/late_blight_00631.jpg,late_blight
data/plantvillage_potato/late_blight/late_blight_00490.jpg,late_blight
data/plantvillage_potato/late_blight/late_blight_00195.jpg,late_blight
data/plantvillage_potato/late_blight/late_blight_00256.jpg,late_blight
data/plantvillage_potato/late_blight/late_blight_00693.jpg,late_blight
data/plantvillage_potato/late_blight/late_blight_00740.jpg,late_blight
data/plantvillage_potato/late_blight/late_blight_00577.jpg,late_blight
data/plantvillage_potato/late_blight/late_blight_00157.jpg,late_blight
data/plantvillage_potato/late_blight/late_blight_00612.jpg,late_blight
data/plantvillage_potato/late_blight/late_blight_00392.jpg,late_blight
data/plantvillage_potato/late_blight/late_blight_00969.jpg,late_blight
data/plantvillage_potato/late_blight/late_blight_00688.jpg,late_blight
data/plantvillage_potato/late_blight/late_blight_00361.jpg,late_blight
data/plantvillage_potato/late_blight/late_blight_00816.jpg,late_blight
data/plantvillage_potato/late_blight/late_blight_00401.jpg,late_blight
data/plantvillage_potato/late_blight/late_blight_00092.jpg,late_blight
data/plantvillage_potato/late_blight/late_blight_00917.jpg,late_blight
data/plantvillage_potato/late_blight/late_blight_00489.jpg,late_blight
data/plantvillage_potato/late_blight/late_blight_00451.jpg,late_blight
data/plantvillage_potato/late_blight/late_blight_00251.jpg,late_blight
data/plantvillage_potato/late_blight/late_blight_00653.jpg,late_blight
data/plantvillage_potato/late_blight/late_blight_00769.jpg,late_blight
data/plantvillage_potato/late_blight/late_blight_00670.jpg,late_blight
data/plantvillage_potato/late_blight/late_blight_00129.jpg,late_blight
data/plantvillage_potato/late_blight/late_blight_00637.jpg,late_blight
data/plantvillage_potato/late_blight/late_blight_00991.jpg,late_blight
data/plantvillage_potato/late_blight/late_blight_00342.jpg,late_blight
data/plantvillage_potato/late_blight/late_blight_00308.jpg,late_blight
data/plantvillage_potato/late_blight/late_blight_00136.jpg,late_blight
data/plantvillage_potato/late_blight/late_blight_00088.jpg,late_blight
data/plantvillage_potato/late_blight/late_blight_00327.jpg,late_blight
data/plantvillage_potato/late_blight/late_blight_00475.jpg,late_blight
data/plantvillage_potato/late_blight/late_blight_00981.jpg,late_blight
data/plantvillage_potato/late_blight/late_blight_00850.jpg,late_blight
data/plantvillage_potato/late_blight/late_blight_00892.jpg,late_blight
data/plantvillage_potato/late_blight/late_blight_00375.jpg,late_blight
data/plantvillage_potato/late_blight/late_blight_00178.jpg,late_blight
data/plantvillage_potato/late_blight/late_blight_00026.jpg,late_blight
data/plantvillage_potato/late_blight/late_blight_00349.jpg,late_blight
data/plantvillage_potato/late_blight/late_blight_00499.jpg,late_blight
data/plantvillage_potato/late_blight/late_blight_00474.jpg,late_blight
data/plantvillage_potato/late_blight/late_blight_00617.jpg,late_blight
data/plantvillage_potato/late_blight/late_blight_00697.jpg,late_blight
data/plantvillage_potato/late_blight/late_blight_00050.jpg,late_blight
data/plantvillage_potato/late_blight/late_blight_00211.jpg,late_blight
data/plantvillage_potato/late_blight/late_blight_00381.jpg,late_blight
data/plantvillage_potato/late_blight/late_blight_00883.jpg,late_blight
data/plantvillage_potato/late_blight/late_blight_00173.jpg,late_blight
data/plantvillage_potato/late_blight/late_blight_00147.jpg,late_blight
data/plantvillage_potato/late_blight/late_blight_00419.jpg,late_blight
data/plantvillage_potato/late_blight/late_blight_00961.jpg,late_blight
data/plantvillage_potato/late_blight/late_blight_00148.jpg,late_blight
data/plantvillage_potato/late_blight/late_blight_00975.jpg,late_blight
data/plantvillage_potato/late_blight/late_blight_00079.jpg,late_blight
data/plantvillage_potato/late_blight/late_blight_00775.jpg,late_blight
data/plantvillage_potato/late_blight/late_blight_00302.jpg,late_blight
data/plantvillage_potato/late_blight/late_blight_00995.jpg,late_blight
data/plantvillage_potato/late_blight/late_blight_00525.jpg,late_blight
data/plantvillage_potato/late_blight/late_blight_00774.jpg,late_blight
data/plantvillage_potato/late_blight/late_blight_00231.jpg,late_blight
data/plantvillage_potato/late_blight/late_blight_00625.jpg,late_blight
data/plantvillage_potato/late_blight/late_blight_00800.jpg,late_blight
data/plantvillage_potato/late_blight/late_blight_00561.jpg,late_blight
data/plantvillage_potato/late_blight/late_blight_00509.jpg,late_blight
data/plantvillage_potato/late_blight/late_blight_00840.jpg,late_blight
data/plantvillage_potato/late_blight/late_blight_00494.jpg,late_blight
data/plantvillage_potato/late_blight/late_blight_00119.jpg,late_blight
data/plantvillage_potato/late_blight/late_blight_00477.jpg,late_blight
data/plantvillage_potato/late_blight/late_blight_00144.jpg,late_blight
data/plantvillage_potato/late_blight/late_blight_00029.jpg,late_blight
data/plantvillage_potato/late_blight/late_blight_00910.jpg,late_blight
data/plantvillage_potato/late_blight/late_blight_00121.jpg,late_blight
data/plantvillage_potato/late_blight/late_blight_00605.jpg,late_blight
data/plantvillage_potato/late_blight/late_blight_00061.jpg,late_blight
data/plantvillage_potato/late_blight/late_blight_00871.jpg,late_blight
data/plantvillage_potato/late_blight/late_blight_00572.jpg,late_blight
data/plantvillage_potato/late_blight/late_blight_00005.jpg,late_blight
data/plantvillage_potato/late_blight/late_blight_00926.jpg,late_blight
data/plantvillage_potato/late_blight/late_blight_00639.jpg,late_blight
data/plantvillage_potato/late_blight/late_blight_00439.jpg,late_blight
data/plantvillage_potato/late_blight/late_blight_00729.jpg,late_blight
data/plantvillage_potato/late_blight/late_blight_00193.jpg,late_blight
data/plantvillage_potato/late_blight/late_blight_00752.jpg,late_blight
data/plantvillage_potato/late_blight/late_blight_00626.jpg,late_blight
data/plantvillage_potato/late_blight/late_blight_00571.jpg,late_blight
data/plantvillage_potato/late_blight/late_blight_00017.jpg,late_blight
data/plantvillage_potato/late_blight/late_blight_00742.jpg,late_blight
data/plantvillage_potato/late_blight/late_blight_00914.jpg,late_blight
data/plantvillage_potato/late_blight/late_blight_00510.jpg,late_blight
data/plantvillage_potato/late_blight/late_blight_00573.jpg,late_blight
data/plantvillage_potato/late_blight/late_blight_00138.jpg,late_blight
data/plantvillage_potato/late_blight/late_blight_00191.jpg,late_blight
data/plantvillage_potato/late_blight/late_blight_00004.jpg,late_blight
data/plantvillage_potato/late_blight/late_blight_00443.jpg,late_blight
data/plantvillage_potato/late_blight/late_blight_00020.jpg,late_blight
data/plantvillage_potato/late_blight/late_blight_00213.jpg,late_blight
data/plantvillage_potato/late_blight/late_blight_00064.jpg,late_blight
data/plantvillage_potato/late_blight/late_blight_00411.jpg,late_blight
data/plantvillage_potato/late_blight/late_blight_00301.jpg,late_blight
data/plantvillage_potato/late_blight/late_blight_00333.jpg,late_blight
data/plantvillage_potato/late_blight/late_blight_00192.jpg,late_blight
data/plantvillage_potato/late_blight/late_blight_00664.jpg,late_blight
data/plantvillage_potato/late_blight/late_blight_00262.jpg,late_blight
data/plantvillage_potato/late_blight/late_blight_00647.jpg,late_blight
data/plantvillage_potato/late_blight/late_blight_00810.jpg,late_blight
data/plantvillage_potato/late_blight/late_blight_00232.jpg,late_blight
data/plantvillage_potato/late_blight/late_blight_00795.jpg,late_blight
data/plantvillage_potato/late_blight/late_blight_00681.jpg,late_blight
data/plantvillage_potato/late_blight/late_blight_00804.jpg,late_blight
data/plantvillage_potato/late_blight/late_blight_00482.jpg,late_blight
data/plantvillage_potato/late_blight/late_blight_00360.jpg,late_blight
data/plantvillage_potato/late_blight/late_blight_00838.jpg,late_blight
data/plantvillage_potato/late_blight/late_blight_00236.jpg,late_blight
data/plantvillage_potato/late_blight/late_blight_00627.jpg,late_blight
data/plantvillage_potato/late_blight/late_blight_00957.jpg,late_blight
data/plantvillage_potato/late_blight/late_blight_00582.jpg,late_blight
data/plantvillage_potato/late_blight/late_blight_00272.jpg,late_blight
data/plantvillage_potato/late_blight/late_blight_00201.jpg,late_blight
data/plantvillage_potato/late_blight/late_blight_00013.jpg,late_blight
data/plantvillage_potato/late_blight/late_blight_00427.jpg,late_blight
data/plantvillage_potato/late_blight/late_blight_00239.jpg,late_blight
data/plantvillage_potato/late_blight/late_blight_00084.jpg,late_blight
data/plantvillage_potato/late_blight/late_blight_00532.jpg,late_blight
data/plantvillage_potato/late_blight/late_blight_00172.jpg,late_blight
data/plantvillage_potato/late_blight/late_blight_00289.jpg,late_blight
data/plantvillage_potato/late_blight/late_blight_00485.jpg,late_blight
data/plantvillage_potato/late_blight/late_blight_00329.jpg,late_blight
data/plantvillage_potato/late_blight/late_blight_00683.jpg,late_blight
data/plantvillage_potato/late_blight/late_blight_00318.jpg,late_blight
data/plantvillage_potato/late_blight/late_blight_00454.jpg,late_blight
data/plantvillage_potato/late_blight/late_blight_00249.jpg,late_blight
data/plantvillage_potato/late_blight/late_blight_00846.jpg,late_blight
data/plantvillage_potato/late_blight/late_blight_00279.jpg,late_blight
data/plantvillage_potato/late_blight/late_blight_00455.jpg,late_blight
data/plantvillage_potato/late_blight/late_blight_00901.jpg,late_blight
data/plantvillage_potato/late_blight/late_blight_00761.jpg,late_blight
data/plantvillage_potato/late_blight/late_blight_00547.jpg,late_blight
data/plantvillage_potato/late_blight/late_blight_00180.jpg,late_blight
data/plantvillage_potato/late_blight/late_blight_00557.jpg,late_blight
data/plantvillage_potato/late_blight/late_blight_00628.jpg,late_blight
data/plantvillage_potato/late_blight/late_blight_00423.jpg,late_blight
data/plantvillage_potato/late_blight/late_blight_00843.jpg,late_blight
data/plantvillage_potato/late_blight/late_blight_00010.jpg,late_blight
data/plantvillage_potato/late_blight/late_blight_00199.jpg,late_blight
data/plantvillage_potato/late_blight/late_blight_00425.jpg,late_blight
data/plantvillage_potato/late_blight/late_blight_00534.jpg,late_blight
data/plantvillage_potato/late_blight/late_blight_00031.jpg,late_blight
data/plantvillage_potato/late_blight/late_blight_00579.jpg,late_blight
data/plantvillage_potato/late_blight/late_blight_00404.jpg,late_blight
data/plantvillage_potato/late_blight/late_blight_00277.jpg,late_blight
data/plantvillage_potato/late_blight/late_blight_00444.jpg,late_blight
data/plantvillage_potato/late_blight/late_blight_00771.jpg,late_blight
data/plantvillage_potato/late_blight/late_blight_00372.jpg,late_blight
data/plantvillage_potato/late_blight/late_blight_00722.jpg,late_blight
data/plantvillage_potato/late_blight/late_blight_00400.jpg,late_blight
data/plantvillage_potato/late_blight/late_blight_00078.jpg,late_blight
data/plantvillage_potato/late_blight/late_blight_00537.jpg,late_blight
data/plantvillage_potato/late_blight/late_blight_00575.jpg,late_blight
data/plantvillage_potato/late_blight/late_blight_00548.jpg,late_blight
data/plantvillage_potato/late_blight/late_blight_00710.jpg,late_blight
data/plantvillage_potato/late_blight/late_blight_00041.jpg,late_blight
data/plantvillage_potato/late_blight/late_blight_00885.jpg,late_blight
data/plantvillage_potato/late_blight/late_blight_00632.jpg,late_blight
data/plantvillage_potato/late_blight/late_blight_00858.jpg,late_blight
data/plantvillage_potato/late_blight/late_blight_00139.jpg,late_blight
data/plantvillage_potato/late_blight/late_blight_00385.jpg,late_blight
data/plantvillage_potato/late_blight/late_blight_00456.jpg,late_blight
data/plantvillage_potato/late_blight/late_blight_00932.jpg,late_blight
data/plantvillage_potato/late_blight/late_blight_00813.jpg,late_blight
data/plantvillage_potato/late_blight/late_blight_00140.jpg,late_blight
data/plantvillage_potato/late_blight/late_blight_00624.jpg,late_blight
data/plantvillage_potato/late_blight/late_blight_00320.jpg,late_blight
data/plantvillage_potato/late_blight/late_blight_00708.jpg,late_blight
data/plantvillage_potato/late_blight/late_blight_00457.jpg,late_blight
data/plantvillage_potato/late_blight/late_blight_00873.jpg,late_blight
data/plantvillage_potato/late_blight/late_blight_00326.jpg,late_blight
data/plantvillage_potato/late_blight/late_blight_00126.jpg,late_blight
data/plantvillage_potato/late_blight/late_blight_00132.jpg,late_blight
data/plantvillage_potato/late_blight/late_blight_00817.jpg,late_blight
data/plantvillage_potato/late_blight/late_blight_00397.jpg,late_blight
data/plantvillage_potato/late_blight/late_blight_00915.jpg,late_blight
data/plantvillage_potato/late_blight/late_blight_00993.jpg,late_blight
data/plantvillage_potato/late_blight/late_blight_00415.jpg,late_blight
data/plantvillage_potato/late_blight/late_blight_00595.jpg,late_blight
data/plantvillage_potato/late_blight/late_blight_00258.jpg,late_blight
data/plantvillage_potato/late_blight/late_blight_00313.jpg,late_blight
data/plantvillage_potato/late_blight/late_blight_00409.jpg,late_blight
data/plantvillage_potato/late_blight/late_blight_00162.jpg,late_blight
data/plantvillage_potato/late_blight/late_blight_00304.jpg,late_blight
data/plantvillage_potato/late_blight/late_blight_00286.jpg,late_blight
data/plantvillage_potato/late_blight/late_blight_00644.jpg,late_blight
data/plantvillage_potato/late_blight/late_blight_00635.jpg,late_blight
data/plantvillage_potato/late_blight/late_blight_00353.jpg,late_blight
data/plantvillage_potato/late_blight/late_blight_00068.jpg,late_blight
data/plantvillage_potato/late_blight/late_blight_00678.jpg,late_blight
data/plantvillage_potato/late_blight/late_blight_00833.jpg,late_blight
data/plantvillage_potato/late_blight/late_blight_00935.jpg,late_blight
data/plantvillage_potato/late_blight/late_blight_00679.jpg,late_blight
data/plantvillage_potato/late_blight/late_blight_00719.jpg,late_blight
data/plantvillage_potato/late_blight/late_blight_00237.jpg,late_blight
data/plantvillage_potato/late_blight/late_blight_00265.jpg,late_blight
data/plantvillage_potato/late_blight/late_blight_00090.jpg,late_blight
data/plantvillage_potato/late_blight/late_blight_00835.jpg,late_blight
data/plantvillage_potato/late_blight/late_blight_00862.jpg,late_blight
data/plantvillage_potato/late_blight/late_blight_00054.jpg,late_blight
data/plantvillage_potato/late_blight/late_blight_00657.jpg,late_blight
data/plantvillage_potato/late_blight/late_blight_00943.jpg,late_blight
data/plantvillage_potato/late_blight/late_blight_00406.jpg,late_blight
data/plantvillage_potato/late_blight/late_blight_00380.jpg,late_blight
data/plantvillage_potato/late_blight/late_blight_00124.jpg,late_blight
data/plantvillage_potato/late_blight/late_blight_00491.jpg,late_blight
data/plantvillage_potato/late_blight/late_blight_00802.jpg,late_blight
data/plantvillage_potato/late_blight/late_blight_00900.jpg,late_blight
data/plantvillage_potato/late_blight/late_blight_00430.jpg,late_blight
data/plantvillage_potato/late_blight/late_blight_00945.jpg,late_blight
data/plantvillage_potato/late_blight/late_blight_00703.jpg,late_blight
data/plantvillage_potato/late_blight/late_blight_00294.jpg,late_blight
data/plantvillage_potato/late_blight/late_blight_00878.jpg,late_blight
data/plantvillage_potato/late_blight/late_blight_00212.jpg,late_blight
data/plantvillage_potato/late_blight/late_blight_00918.jpg,late_blight
data/plantvillage_potato/late_blight/late_blight_00037.jpg,late_blight
data/plantvillage_potato/late_blight/late_blight_00860.jpg,late_blight
data/plantvillage_potato/late_blight/late_blight_00898.jpg,late_blight
data/plantvillage_potato/late_blight/late_blight_00125.jpg,late_blight
data/plantvillage_potato/late_blight/late_blight_00023.jpg,late_blight
data/plantvillage_potato/late_blight/late_blight_00839.jpg,late_blight
data/plantvillage_potato/late_blight/late_blight_00976.jpg,late_blight
data/plantvillage_potato/late_blight/late_blight_00101.jpg,late_blight
data/plantvillage_potato/late_blight/late_blight_00115.jpg,late_blight
data/plantvillage_potato/late_blight/late_blight_00435.jpg,late_blight
data/plantvillage_potato/late_blight/late_blight_00950.jpg,late_blight
data/plantvillage_potato/late_blight/late_blight_00120.jpg,late_blight
data/plantvillage_potato/late_blight/late_blight_00384.jpg,late_blight
data/plantvillage_potato/late_blight/late_blight_00047.jpg,late_blight
data/plantvillage_potato/late_blight/late_blight_00171.jpg,late_blight
data/plantvillage_potato/late_blight/late_blight_00317.jpg,late_blight
data/plantvillage_potato/late_blight/late_blight_00324.jpg,late_blight
data/plantvillage_potato/late_blight/late_blight_00880.jpg,late_blight
data/plantvillage_potato/late_blight/late_blight_00263.jpg,late_blight
data/plantvillage_potato/late_blight/late_blight_00145.jpg,late_blight
data/plantvillage_potato/late_blight/late_blight_00043.jpg,late_blight
data/plantvillage_potato/late_blight/late_blight_00504.jpg,late_blight
data/plantvillage_potato/late_blight/late_blight_00086.jpg,late_blight
data/plantvillage_potato/late_blight/late_blight_00376.jpg,late_blight
data/plantvillage_potato/late_blight/late_blight_00530.jpg,late_blight
data/plantvillage_potato/late_blight/late_blight_00984.jpg,late_blight
data/plantvillage_potato/late_blight/late_blight_00851.jpg,late_blight
data/plantvillage_potato/late_blight/late_blight_00345.jpg,late_blight
data/plantvillage_potato/late_blight/late_blight_00403.jpg,late_blight
data/plantvillage_potato/late_blight/late_blight_00226.jpg,late_blight
data/plantvillage_potato/late_blight/late_blight_00987.jpg,late_blight
data/plantvillage_potato/late_blight/late_blight_00164.jpg,late_blight
data/plantvillage_potato/late_blight/late_blight_00335.jpg,late_blight
data/plantvillage_potato/late_blight/late_blight_00600.jpg,late_blight
data/plantvillage_potato/late_blight/late_blight_00916.jpg,late_blight
data/plantvillage_potato/late_blight/late_blight_00472.jpg,late_blight
data/plantvillage_potato/late_blight/late_blight_00447.jpg,late_blight
data/plantvillage_potato/late_blight/late_blight_00107.jpg,late_blight
data/plantvillage_potato/late_blight/late_blight_00856.jpg,late_blight
data/plantvillage_potato/late_blight/late_blight_00155.jpg,late_blight
data/plantvillage_potato/late_blight/late_blight_00458.jpg,late_blight
data/plantvillage_potato/late_blight/late_blight_00280.jpg,late_blight
data/plantvillage_potato/late_blight/late_blight_00207.jpg,late_blight
data/plantvillage_potato/late_blight/late_blight_00154.jpg,late_blight
data/plantvillage_potato/late_blight/late_blight_00587.jpg,late_blight
data/plantvillage_potato/late_blight/late_blight_00757.jpg,late_blight
data/plantvillage_potato/late_blight/late_blight_00985.jpg,late_blight
data/plantvillage_potato/late_blight/late_blight_00383.jpg,late_blight
data/plantvillage_potato/late_blight/late_blight_00801.jpg,late_blight
data/plantvillage_potato/late_blight/late_blight_00648.jpg,late_blight
data/plantvillage_potato/late_blight/late_blight_00806.jpg,late_blight
data/plantvillage_potato/late_blight/late_blight_00536.jpg,late_blight
data/plantvillage_potato/late_blight/late_blight_00503.jpg,late_blight
data/plantvillage_potato/late_blight/late_blight_00737.jpg,late_blight
data/plantvillage_potato/late_blight/late_blight_00559.jpg,late_blight
data/plantvillage_potato/late_blight/late_blight_00544.jpg,late_blight
data/plantvillage_potato/late_blight/late_blight_00356.jpg,late_blight
data/plantvillage_potato/late_blight/late_blight_00206.jpg,late_blight
data/plantvillage_potato/late_blight/late_blight_00888.jpg,late_blight
data/plantvillage_potato/late_blight/late_blight_00611.jpg,late_blight
data/plantvillage_potato/late_blight/late_blight_00711.jpg,late_blight
data/plantvillage_potato/late_blight/late_blight_00531.jpg,late_blight
data/plantvillage_potato/late_blight/late_blight_00259.jpg,late_blight
data/plantvillage_potato/late_blight/late_blight_00153.jpg,late_blight
data/plantvillage_potato/late_blight/late_blight_00852.jpg,late_blight
data/plantvillage_potato/late_blight/late_blight_00063.jpg,late_blight
data/plantvillage_potato/late_blight/late_blight_00434.jpg,late_blight
data/plantvillage_potato/late_blight/late_blight_00339.jpg,late_blight
data/plantvillage_potato/late_blight/late_blight_00513.jpg,late_blight
data/plantvillage_potato/late_blight/late_blight_00748.jpg,late_blight
data/plantvillage_potato/late_blight/late_blight_00487.jpg,late_blight
data/plantvillage_potato/late_blight/late_blight_00524.jpg,late_blight
data/plantvillage_potato/late_blight/late_blight_00893.jpg,late_blight
data/plantvillage_potato/late_blight/late_blight_00952.jpg,late_blight
data/plantvillage_potato/late_blight/late_blight_00186.jpg,late_blight
data/plantvillage_potato/late_blight/late_blight_00673.jpg,late_blight
data/plantvillage_potato/late_blight/late_blight_00343.jpg,late_blight
data/plantvillage_potato/late_blight/late_blight_00377.jpg,late_blight
data/plantvillage_potato/late_blight/late_blight_00903.jpg,late_blight
data/plantvillage_potato/late_blight/late_blight_00368.jpg,late_blight
data/plantvillage_potato/late_blight/late_blight_00568.jpg,late_blight
data/plantvillage_potato/late_blight/late_blight_00275.jpg,late_blight
data/plantvillage_potato/late_blight/late_blight_00690.jpg,late_blight
data/plantvillage_potato/late_blight/late_blight_00266.jpg,late_blight
data/plantvillage_potato/late_blight/late_blight_00782.jpg,late_blight
data/plantvillage_potato/late_blight/late_blight_00937.jpg,late_blight
data/plantvillage_potato/late_blight/late_blight_00533.jpg,late_blight
data/plantvillage_potato/late_blight/late_blight_00022.jpg,late_blight
data/plantvillage_potato/late_blight/late_blight_00542.jpg,late_blight
data/plantvillage_potato/late_blight/late_blight_00097.jpg,late_blight
data/plantvillage_potato/late_blight/late_blight_00295.jpg,late_blight
data/plantvillage_potato/late_blight/late_blight_00460.jpg,late_blight
data/plantvillage_potato/late_blight/late_blight_00197.jpg,late_blight
data/plantvillage_potato/late_blight/late_blight_00707.jpg,late_blight
data/plantvillage_potato/late_blight/late_blight_00261.jpg,late_blight
data/plantvillage_potato/late_blight/late_blight_00310.jpg,late_blight
data/plantvillage_potato/late_blight/late_blight_00979.jpg,late_blight
data/plantvillage_potato/late_blight/late_blight_00160.jpg,late_blight
data/plantvillage_potato/late_blight/late_blight_00402.jpg,late_blight
data/plantvillage_potato/late_blight/late_blight_00539.jpg,late_blight
data/plantvillage_potato/late_blight/late_blight_00176.jpg,late_blight
data/plantvillage_potato/late_blight/late_blight_00726.jpg,late_blight
data/plantvillage_potato/late_blight/late_blight_00793.jpg,late_blight
data/plantvillage_potato/late_blight/late_blight_00818.jpg,late_blight
data/plantvillage_potato/late_blight/late_blight_00778.jpg,late_blight
data/plantvillage_potato/late_blight/late_blight_00756.jpg,late_blight
data/plantvillage_potato/late_blight/late_blight_00297.jpg,late_blight
data/plantvillage_potato/late_blight/late_blight_00091.jpg,late_blight
data/plantvillage_potato/late_blight/late_blight_00929.jpg,late_blight
data/plantvillage_potato/late_blight/late_blight_00449.jpg,late_blight
data/plantvillage_potato/late_blight/late_blight_00645.jpg,late_blight
data/plantvillage_potato/late_blight/late_blight_00014.jpg,late_blight
data/plantvillage_potato/late_blight/late_blight_00480.jpg,late_blight
data/plantvillage_potato/late_blight/late_blight_00996.jpg,late_blight
data/plantvillage_potato/late_blight/late_blight_00868.jpg,late_blight
data/plantvillage_potato/late_blight/late_blight_00431.jpg,late_blight
data/plantvillage_potato/late_blight/late_blight_00695.jpg,late_blight
data/plantvillage_potato/late_blight/late_blight_00502.jpg,late_blight
data/plantvillage_potato/late_blight/late_blight_00260.jpg,late_blight
data/plantvillage_potato/late_blight/late_blight_00328.jpg,late_blight
data/plantvillage_potato/late_blight/late_blight_00179.jpg,late_blight
data/plantvillage_potato/late_blight/late_blight_00564.jpg,late_blight
data/plantvillage_potato/late_blight/late_blight_00395.jpg,late_blight
data/plantvillage_potato/late_blight/late_blight_00495.jpg,late_blight
data/plantvillage_potato/late_blight/late_blight_00035.jpg,late_blight
data/plantvillage_potato/late_blight/late_blight_00442.jpg,late_blight
data/plantvillage_potato/late_blight/late_blight_00927.jpg,late_blight
data/plantvillage_potato/late_blight/late_blight_00659.jpg,late_blight
data/plantvillage_potato/late_blight/late_blight_00636.jpg,late_blight
data/plantvillage_potato/late_blight/late_blight_00098.jpg,late_blight
data/plantvillage_potato/late_blight/late_blight_00337.jpg,late_blight
data/plantvillage_potato/late_blight/late_blight_00012.jpg,late_blight
data/plantvillage_potato/late_blight/late_blight_00684.jpg,late_blight
data/plantvillage_potato/late_blight/late_blight_00116.jpg,late_blight
data/plantvillage_potato/late_blight/late_blight_00446.jpg,late_blight
data/plantvillage_potato/late_blight/late_blight_00407.jpg,late_blight
data/plantvillage_potato/late_blight/late_blight_00815.jpg,late_blight
data/plantvillage_potato/late_blight/late_blight_00312.jpg,late_blight
data/plantvillage_potato/late_blight/late_blight_00358.jpg,late_blight
data/plantvillage_potato/late_blight/late_blight_00471.jpg,late_blight
data/plantvillage_potato/late_blight/late_blight_00204.jpg,late_blight
data/plantvillage_potato/late_blight/late_blight_00227.jpg,late_blight
data/plantvillage_potato/late_blight/late_blight_00481.jpg,late_blight
data/plantvillage_potato/late_blight/late_blight_00039.jpg,late_blight
data/plantvillage_potato/late_blight/late_blight_00391.jpg,late_blight
data/plantvillage_potato/late_blight/late_blight_00110.jpg,late_blight
data/plantvillage_potato/late_blight/late_blight_00832.jpg,late_blight
data/plantvillage_potato/late_blight/late_blight_00812.jpg,late_blight
data/plantvillage_potato/late_blight/late_blight_00962.jpg,late_blight
data/plantvillage_potato/late_blight/late_blight_00421.jpg,late_blight
data/plantvillage_potato/late_blight/late_blight_00340.jpg,late_blight
data/plantvillage_potato/late_blight/late_blight_00183.jpg,late_blight
data/plantvillage_potato/late_blight/late_blight_00997.jpg,late_blight
data/plantvillage_potato/late_blight/late_blight_00422.jpg,late_blight
data/plantvillage_potato/late_blight/late_blight_00181.jpg,late_blight
data/plantvillage_potato/late_blight/late_blight_00904.jpg,late_blight
data/plantvillage_potato/late_blight/late_blight_00861.jpg,late_blight
data/plantvillage_potato/late_blight/late_blight_00649.jpg,late_blight
data/plantvillage_potato/late_blight/late_blight_00745.jpg,late_blight
data/plantvillage_potato/late_blight/late_blight_00700.jpg,late_blight
data/plantvillage_potato/late_blight/late_blight_00105.jpg,late_blight
data/plantvillage_potato/late_blight/late_blight_00919.jpg,late_blight
data/plantvillage_potato/late_blight/late_blight_00651.jpg,late_blight
data/plantvillage_potato/late_blight/late_blight_00366.jpg,late_blight
data/plantvillage_potato/late_blight/late_blight_00619.jpg,late_blight
data/plantvillage_potato/late_blight/late_blight_00905.jpg,late_blight
data/plantvillage_potato/late_blight/late_blight_00315.jpg,late_blight
data/plantvillage_potato/late_blight/late_blight_00042.jpg,late_blight
data/plantvillage_potato/late_blight/late_blight_00130.jpg,late_blight
data/plantvillage_potato/late_blight/late_blight_00440.jpg,late_blight
data/plantvillage_potato/late_blight/late_blight_00151.jpg,late_blight
data/plantvillage_potato/late_blight/late_blight_00588.jpg,late_blight
data/plantvillage_potato/late_blight/late_blight_00036.jpg,late_blight
data/plantvillage_potato/late_blight/late_blight_00152.jpg,late_blight
data/plantvillage_potato/late_blight/late_blight_00676.jpg,late_blight
data/plantvillage_potato/late_blight/late_blight_00960.jpg,late_blight
data/plantvillage_potato/late_blight/late_blight_00601.jpg,late_blight
data/plantvillage_potato/late_blight/late_blight_00437.jpg,late_blight
data/plantvillage_potato/late_blight/late_blight_00452.jpg,late_blight
data/plantvillage_potato/late_blight/late_blight_00785.jpg,late_blight
data/plantvillage_potato/late_blight/late_blight_00268.jpg,late_blight
data/plantvillage_potato/late_blight/late_blight_00133.jpg,late_blight
data/plantvillage_potato/late_blight/late_blight_00341.jpg,late_blight
data/plantvillage_potato/late_blight/late_blight_00803.jpg,late_blight
data/plantvillage_potato/late_blight/late_blight_00045.jpg,late_blight
data/plantvillage_potato/late_blight/late_blight_00283.jpg,late_blight
data/plantvillage_potato/late_blight/late_blight_00652.jpg,late_blight
data/plantvillage_potato/late_blight/late_blight_00948.jpg,late_blight
data/plantvillage_potato/late_blight/late_blight_00052.jpg,late_blight
data/plantvillage_potato/late_blight/late_blight_00821.jpg,late_blight
data/plantvillage_potato/late_blight/late_blight_00779.jpg,late_blight
data/plantvillage_potato/late_blight/late_blight_00977.jpg,late_blight
data/plantvillage_potato/late_blight/late_blight_00599.jpg,late_blight
data/plantvillage_potato/late_blight/late_blight_00208.jpg,late_blight
data/plantvillage_potato/late_blight/late_blight_00351.jpg,late_blight
data/plantvillage_potato/late_blight/late_blight_00215.jpg,late_blight
data/plantvillage_potato/late_blight/late_blight_00288.jpg,late_blight
data/plantvillage_potato/late_blight/late_blight_00278.jpg,late_blight
data/plantvillage_potato/late_blight/late_blight_00953.jpg,late_blight
data/plantvillage_potato/late_blight/late_blight_00820.jpg,late_blight
data/plantvillage_potato/late_blight/late_blight_00109.jpg,late_blight
data/plantvillage_potato/late_blight/late_blight_00118.jpg,late_blight
data/plantvillage_potato/late_blight/late_blight_00941.jpg,late_blight
data/plantvillage_potato/late_blight/late_blight_00137.jpg,late_blight
data/plantvillage_potato/late_blight/late_blight_00106.jpg,late_blight
data/plantvillage_potato/late_blight/late_blight_00306.jpg,late_blight
data/plantvillage_potato/late_blight/late_blight_00972.jpg,late_blight
data/plantvillage_potato/late_blight/late_blight_00008.jpg,late_blight
data/plantvillage_potato/late_blight/late_blight_00822.jpg,late_blight
data/plantvillage_potato/late_blight/late_blight_00309.jpg,late_blight
data/plantvillage_potato/late_blight/late_blight_00556.jpg,late_blight
data/plantvillage_potato/late_blight/late_blight_00743.jpg,late_blight
data/plantvillage_potato/late_blight/late_blight_00634.jpg,late_blight
data/plantvillage_potato/late_blight/late_blight_00291.jpg,late_blight
data/plantvillage_potato/late_blight/late_blight_00378.jpg,late_blight
data/plantvillage_potato/late_blight/late_blight_00889.jpg,late_blight
data/plantvillage_potato/late_blight/late_blight_00629.jpg,late_blight
data/plantvillage_potato/late_blight/late_blight_00357.jpg,late_blight
data/plantvillage_potato/late_blight/late_blight_00712.jpg,late_blight
data/plantvillage_potato/late_blight/late_blight_00620.jpg,late_blight
data/plantvillage_potato/late_blight/late_blight_00518.jpg,late_blight
data/plantvillage_potato/late_blight/late_blight_00662.jpg,late_blight
data/plantvillage_potato/late_blight/late_blight_00550.jpg,late_blight
data/plantvillage_potato/late_blight/late_blight_00075.jpg,late_blight
data/plantvillage_potato/late_blight/late_blight_00102.jpg,late_blight
data/plantvillage_potato/late_blight/late_blight_00576.jpg,late_blight
data/plantvillage_potato/late_blight/late_blight_00857.jpg,late_blight
data/plantvillage_potato/late_blight/late_blight_00009.jpg,late_blight
data/plantvillage_potato/late_blight/late_blight_00074.jpg,late_blight
data/plantvillage_potato/late_blight/late_blight_00951.jpg,late_blight
data/plantvillage_potato/late_blight/late_blight_00468.jpg,late_blight
data/plantvillage_potato/late_blight/late_blight_00307.jpg,late_blight
data/plantvillage_potato/late_blight/late_blight_00134.jpg,late_blight
data/plantvillage_potato/late_blight/late_blight_00859.jpg,late_blight
data/plantvillage_potato/late_blight/late_blight_00884.jpg,late_blight
data/plantvillage_potato/late_blight/late_blight_00244.jpg,late_blight
data/plantvillage_potato/late_blight/late_blight_00641.jpg,late_blight
data/plantvillage_potato/late_blight/late_blight_00209.jpg,late_blight
data/plantvillage_potato/late_blight/late_blight_00267.jpg,late_blight
data/plantvillage_potato/late_blight/late_blight_00870.jpg,late_blight
data/plantvillage_potato/late_blight/late_blight_00535.jpg,late_blight
data/plantvillage_potato/late_blight/late_blight_00578.jpg,late_blight
data/plantvillage_potato/late_blight/late_blight_00845.jpg,late_blight
data/plantvillage_potato/late_blight/late_blight_00968.jpg,late_blight
data/plantvillage_potato/late_blight/late_blight_00083.jpg,late_blight
data/plantvillage_potato/late_blight/late_blight_00040.jpg,late_blight
data/plantvillage_potato/late_blight/late_blight_00608.jpg,late_blight
data/plantvillage_potato/late_blight/late_blight_00592.jpg,late_blight
data/plantvillage_potato/late_blight/late_blight_00853.jpg,late_blight
data/plantvillage_potato/late_blight/late_blight_00583.jpg,late_blight
data/plantvillage_potato/late_blight/late_blight_00122.jpg,late_blight
data/plantvillage_potato/late_blight/late_blight_00413.jpg,late_blight
data/plantvillage_potato/late_blight/late_blight_00240.jpg,late_blight
data/plantvillage_potato/late_blight/late_blight_00723.jpg,late_blight
data/plantvillage_potato/late_blight/late_blight_00609.jpg,late_blight
data/plantvillage_potato/late_blight/late_blight_00766.jpg,late_blight
data/plantvillage_potato/late_blight/late_blight_00190.jpg,late_blight
data/plantvillage_potato/late_blight/late_blight_00082.jpg,late_blight
data/plantvillage_potato/late_blight/late_blight_00520.jpg,late_blight
data/plantvillage_potato/late_blight/late_blight_00876.jpg,late_blight
data/plantvillage_potato/late_blight/late_blight_00805.jpg,late_blight
data/plantvillage_potato/late_blight/late_blight_00783.jpg,late_blight
data/plantvillage_potato/late_blight/late_blight_00514.jpg,late_blight
data/plantvillage_potato/late_blight/late_blight_00488.jpg,late_blight
data/plantvillage_potato/late_blight/late_blight_00847.jpg,late_blight
data/plantvillage_potato/late_blight/late_blight_00672.jpg,late_blight
data/plantvillage_potato/late_blight/late_blight_00058.jpg,late_blight
data/plantvillage_potato/late_blight/late_blight_00321.jpg,late_blight
data/plantvillage_potato/late_blight/late_blight_00691.jpg,late_blight
data/plantvillage_potato/late_blight/late_blight_00555.jpg,late_blight
data/plantvillage_potato/late_blight/late_blight_00593.jpg,late_blight
data/plantvillage_potato/late_blight/late_blight_00837.jpg,late_blight
data/plantvillage_potato/late_blight/late_blight_00222.jpg,late_blight
data/plantvillage_potato/late_blight/late_blight_00303.jpg,late_blight
data/plantvillage_potato/late_blight/late_blight_00716.jpg,late_blight
data/plantvillage_potato/late_blight/late_blight_00158.jpg,late_blight
data/plantvillage_potato/late_blight/late_blight_00498.jpg,late_blight
data/plantvillage_potato/late_blight/late_blight_00569.jpg,late_blight
data/plantvillage_potato/late_blight/late_blight_00897.jpg,late_blight
data/plantvillage_potato/late_blight/late_blight_00292.jpg,late_blight
data/plantvillage_potato/late_blight/late_blight_00465.jpg,late_blight
data/plantvillage_potato/late_blight/late_blight_00988.jpg,late_blight
data/plantvillage_potato/late_blight/late_blight_00399.jpg,late_blight
data/plantvillage_potato/late_blight/late_blight_00002.jpg,late_blight
data/plantvillage_potato/late_blight/late_blight_00886.jpg,late_blight
data/plantvillage_potato/late_blight/late_blight_00168.jpg,late_blight
data/plantvillage_potato/late_blight/late_blight_00725.jpg,late_blight
data/plantvillage_potato/late_blight/late_blight_00869.jpg,late_blight
data/plantvillage_potato/late_blight/late_blight_00218.jpg,late_blight
data/plantvillage_potato/late_blight/late_blight_00492.jpg,late_blight
data/plantvillage_potato/late_blight/late_blight_00715.jpg,late_blight
data/plantvillage_potato/late_blight/late_blight_00751.jpg,late_blight
data/plantvillage_potato/late_blight/late_blight_00170.jpg,late_blight
data/plantvillage_potato/late_blight/late_blight_00242.jpg,late_blight
data/plantvillage_potato/late_blight/late_blight_00980.jpg,late_blight
data/plantvillage_potato/late_blight/late_blight_00015.jpg,late_blight
data/plantvillage_potato/late_blight/late_blight_00553.jpg,late_blight
data/plantvillage_potato/late_blight/late_blight_00667.jpg,late_blight
data/plantvillage_potato/late_blight/late_blight_00051.jpg,late_blight
data/plantvillage_potato/late_blight/late_blight_00989.jpg,late_blight
data/plantvillage_potato/late_blight/late_blight_00563.jpg,late_blight
data/plantvillage_potato/late_blight/late_blight_00453.jpg,late_blight
data/plantvillage_potato/late_blight/late_blight_00077.jpg,late_blight
data/plantvillage_potato/late_blight/late_blight_00255.jpg,late_blight
data/plantvillage_potato/late_blight/late_blight_00912.jpg,late_blight
data/plantvillage_potato/late_blight/late_blight_00717.jpg,late_blight
data/plantvillage_potato/late_blight/late_blight_00187.jpg,late_blight
data/plantvillage_potato/late_blight/late_blight_00829.jpg,late_blight
data/plantvillage_potato/late_blight/late_blight_00143.jpg,late_blight
data/plantvillage_potato/late_blight/late_blight_00966.jpg,late_blight
data/plantvillage_potato/late_blight/late_blight_00814.jpg,late_blight
data/plantvillage_potato/late_blight/late_blight_00705.jpg,late_blight
data/plantvillage_potato/late_blight/late_blight_00923.jpg,late_blight
data/plantvillage_potato/late_blight/late_blight_00254.jpg,late_blight
data/plantvillage_potato/late_blight/late_blight_00111.jpg,late_blight
data/plantvillage_potato/late_blight/late_blight_00347.jpg,late_blight
data/plantvillage_potato/late_blight/late_blight_00412.jpg,late_blight
data/plantvillage_potato/late_blight/late_blight_00062.jpg,late_blight
data/plantvillage_potato/late_blight/late_blight_00100.jpg,late_blight
data/plantvillage_potato/late_blight/late_blight_00661.jpg,late_blight
data/plantvillage_potato/late_blight/late_blight_00669.jpg,late_blight
data/plantvillage_potato/late_blight/late_blight_00689.jpg,late_blight
data/plantvillage_potato/late_blight/late_blight_00055.jpg,late_blight
data/plantvillage_potato/late_blight/late_blight_00478.jpg,late_blight
data/plantvillage_potato/late_blight/late_blight_00420.jpg,late_blight
data/plantvillage_potato/late_blight/late_blight_00755.jpg,late_blight
